Label,TRACK_ID,SPOT_SOURCE_ID,SPOT_TARGET_ID,LINK_COST,EDGE_TIME,EDGE_X_LOCATION,EDGE_Y_LOCATION,EDGE_Z_LOCATION,VELOCITY,DISPLACEMENT,MANUAL_COLOR
(ID46791 : ID46811),6,46791,46811,19.210,0.500,553.033,333.524,0,4.383,4.383,None
(ID46811 : ID46833),6,46811,46833,7.173,1.500,555.603,332.444,0,2.678,2.678,None
(ID46833 : ID46768),6,46833,46768,4.936,2.500,557.433,333.969,0,2.222,2.222,None
(ID46768 : ID46880),6,46768,46880,0.627,3.500,558.412,334.663,0,0.792,0.792,None
(ID46880 : ID46857),6,46880,46857,5.331,4.500,559.037,333.334,0,2.309,2.309,None
(ID46857 : ID46902),6,46857,46902,6.611,5.500,559.746,333.433,0,2.571,2.571,None
(ID46902 : ID46922),6,46902,46922,13.631,6.500,560.630,336.435,0,3.692,3.692,None
(ID46922 : ID46945),6,46922,46945,0.833,7.500,561.448,337.930,0,0.912,0.912,None
(ID46945 : ID46986),6,46945,46986,3.224,8.500,560.902,337.609,0,1.795,1.795,None
(ID46986 : ID46966),6,46986,46966,92.231,9.500,560.171,342.378,0,9.604,9.604,None
(ID46966 : ID47007),6,46966,47007,15.822,10.500,560.255,349.164,0,3.978,3.978,None
(ID47007 : ID47028),6,47007,47028,12.293,11.500,560.238,352.903,0,3.506,3.506,None
(ID47028 : ID47047),6,47028,47047,1.469,12.500,560.325,355.261,0,1.212,1.212,None
(ID47047 : ID47067),6,47047,47067,33.353,13.500,559.736,353.044,0,5.775,5.775,None
(ID47067 : ID47087),6,47067,47087,114.971,14.500,557.049,345.279,0,10.722,10.722,None
(ID47087 : ID47105),6,47087,47105,60.139,15.500,553.836,336.629,0,7.755,7.755,None
(ID47105 : ID47124),6,47105,47124,0.786,16.500,552.640,332.482,0,0.887,0.887,None
(ID47124 : ID47144),6,47124,47144,198.218,17.500,553.270,339.049,0,14.079,14.079,None
(ID47144 : ID47167),6,47144,47167,101.130,18.500,556.905,350.130,0,10.056,10.056,None
(ID47167 : ID47209),6,47167,47209,109.282,19.500,562.707,358.582,0,10.454,10.454,None
(ID47209 : ID47187),6,47209,47187,20.846,20.500,566.590,364.999,0,4.566,4.566,None
(ID47187 : ID47227),6,47187,47227,2.093,21.500,568.040,367.624,0,1.447,1.447,None
(ID47227 : ID47251),6,47227,47251,8.363,22.500,568.018,366.835,0,2.892,2.892,None
(ID47251 : ID47272),6,47251,47272,6.032,23.500,568.002,366.610,0,2.456,2.456,None
(ID47272 : ID47312),6,47272,47312,47.502,24.500,566.847,364.700,0,6.892,6.892,None
(ID47312 : ID47292),6,47312,47292,105.602,25.500,563.637,356.766,0,10.276,10.276,None
(ID47292 : ID47332),6,47292,47332,25.681,26.500,561.052,349.546,0,5.068,5.068,None
(ID47332 : ID47380),6,47332,47380,16.229,27.500,561.542,348.600,0,4.029,4.029,None
(ID47380 : ID47355),6,47380,47355,62.475,28.500,565.141,353.316,0,7.904,7.904,None
(ID47355 : ID47420),6,47355,47420,23.438,29.500,568.850,358.483,0,4.841,4.841,None
(ID47420 : ID47400),6,47420,47400,4.112,30.500,570.808,361.267,0,2.028,2.028,None
(ID47400 : ID47461),6,47400,47461,2.246,31.500,571.692,362.770,0,1.499,1.499,None
(ID47461 : ID47441),6,47461,47441,4.573,32.500,572.462,362.309,0,2.138,2.138,None
(ID47441 : ID47479),6,47441,47479,0.911,33.500,573.216,361.359,0,0.954,0.954,None
(ID47479 : ID47498),6,47479,47498,5.748,34.500,574.883,361.513,0,2.397,2.397,None
(ID47498 : ID47520),6,47498,47520,0.315,35.500,576.321,361.445,0,0.561,0.561,None
(ID47520 : ID47542),6,47520,47542,5.084,36.500,576.543,362.430,0,2.255,2.255,None
(ID47542 : ID47563),6,47542,47563,2.144,37.500,577.212,363.802,0,1.464,1.464,None
(ID47563 : ID47582),6,47563,47582,0.608,38.500,577.984,363.666,0,0.780,0.780,None
(ID47582 : ID47602),6,47582,47602,2.320,39.500,578.806,363.468,0,1.523,1.523,None
(ID47602 : ID47625),6,47602,47625,3.943,40.500,580.079,362.815,0,1.986,1.986,None
(ID47625 : ID47647),6,47625,47647,3.380,41.500,581.524,362.096,0,1.838,1.838,None
(ID47647 : ID47669),6,47647,47669,2.387,42.500,582.098,361.519,0,1.545,1.545,None
(ID47669 : ID47711),6,47669,47711,7.626,43.500,581.763,359.444,0,2.762,2.762,None
(ID47711 : ID47690),6,47711,47690,21.580,44.500,580.248,356.305,0,4.645,4.645,None
(ID47690 : ID47733),6,47690,47733,5.731,45.500,579.881,354.874,0,2.394,2.394,None
(ID47733 : ID47754),6,47733,47754,3.592,46.500,581.979,355.252,0,1.895,1.895,None
(ID47754 : ID47793),6,47754,47793,5.630,47.500,582.035,354.518,0,2.373,2.373,None
(ID47793 : ID47773),6,47793,47773,1.883,48.500,581.792,353.963,0,1.372,1.372,None
(ID47773 : ID47817),6,47773,47817,7.346,49.500,581.349,353.385,0,2.710,2.710,None
(ID47817 : ID47837),6,47817,47837,1.064,50.500,579.762,352.443,0,1.031,1.031,None
(ID47837 : ID47905),6,47837,47905,46.364,51.500,579.994,355.633,0,6.809,6.809,None
(ID47905 : ID47882),6,47905,47882,46.155,52.500,582.842,361.613,0,6.794,6.794,None
(ID47882 : ID47860),6,47882,47860,7.921,53.500,586.358,364.445,0,2.814,2.814,None
(ID47860 : ID47928),6,47860,47928,16.913,54.500,585.902,363.728,0,4.113,4.113,None
(ID47928 : ID47950),6,47928,47950,5.930,55.500,584.827,361.896,0,2.435,2.435,None
(ID47950 : ID47973),6,47950,47973,2.683,56.500,584.787,360.880,0,1.638,1.638,None
(ID47973 : ID48000),6,47973,48000,3.996,57.500,584.712,361.475,0,1.999,1.999,None
(ID48000 : ID48019),6,48000,48019,9.006,58.500,583.970,361.913,0,3.001,3.001,None
(ID48019 : ID48039),6,48019,48039,4.514,59.500,582.745,362.711,0,2.125,2.125,None
(ID48039 : ID48060),6,48039,48060,2.176,60.500,582.283,363.907,0,1.475,1.475,None
(ID48060 : ID48082),6,48060,48082,34.278,61.500,581.990,361.176,0,5.855,5.855,None
(ID48082 : ID48106),6,48082,48106,3.379,62.500,583.332,358.189,0,1.838,1.838,None
(ID48106 : ID48128),6,48106,48128,17.841,63.500,585.611,359.711,0,4.224,4.224,None
(ID48128 : ID48152),6,48128,48152,5.595,64.500,585.865,361.732,0,2.365,2.365,None
(ID48152 : ID48179),6,48152,48179,1.565,65.500,585.357,361.969,0,1.251,1.251,None
(ID48179 : ID48203),6,48179,48203,7.953,66.500,585.827,360.393,0,2.820,2.820,None
(ID48203 : ID48228),6,48203,48228,2.172,67.500,585.938,359.685,0,1.474,1.474,None
(ID48228 : ID48251),6,48228,48251,0.302,68.500,586.238,360.649,0,0.550,0.550,None
(ID48251 : ID48274),6,48251,48274,20.211,69.500,585.088,359.023,0,4.496,4.496,None
(ID48274 : ID48297),6,48274,48297,6.753,70.500,585.178,357.152,0,2.599,2.599,None
(ID48297 : ID48322),6,48297,48322,8.522,71.500,587.076,358.508,0,2.919,2.919,None
(ID48322 : ID48346),6,48322,48346,2.657,72.500,588.074,360.550,0,1.630,1.630,None
(ID48346 : ID48369),6,48346,48369,3.819,73.500,587.569,360.893,0,1.954,1.954,None
(ID48369 : ID48392),6,48369,48392,10.950,74.500,585.266,359.641,0,3.309,3.309,None
(ID48392 : ID48415),6,48392,48415,11.901,75.500,585.592,358.809,0,3.450,3.450,None
(ID48415 : ID48437),6,48415,48437,20.825,76.500,589.254,360.066,0,4.563,4.563,None
(ID48437 : ID48461),6,48437,48461,5.430,77.500,590.664,360.232,0,2.330,2.330,None
(ID48461 : ID48484),6,48461,48484,1.638,78.500,589.740,358.690,0,1.280,1.280,None
(ID48484 : ID48506),6,48484,48506,4.427,79.500,590.199,358.801,0,2.104,2.104,None
(ID48506 : ID48528),6,48506,48528,0.037,80.500,591.007,359.501,0,0.193,0.193,None
(ID48528 : ID48551),6,48528,48551,0.945,81.500,591.149,360.035,0,0.972,0.972,None
(ID48551 : ID48580),6,48551,48580,3.341,82.500,591.010,361.339,0,1.828,1.828,None
(ID48580 : ID48604),6,48580,48604,4.507,83.500,590.097,361.309,0,2.123,2.123,None
(ID48604 : ID48649),6,48604,48649,2.367,85.000,590.070,359.900,0,0.769,1.539,None
(ID48649 : ID48674),6,48649,48674,2.639,86.500,590.649,358.562,0,1.624,1.624,None
(ID48674 : ID48700),6,48674,48700,0.002,87.500,590.684,357.760,0,0.039,0.039,None
(ID48700 : ID48724),6,48700,48724,4.421,88.500,590.304,356.797,0,2.103,2.103,None
(ID48724 : ID48748),6,48724,48748,6.259,89.500,589.828,357.072,0,2.502,2.502,None
(ID48748 : ID48771),6,48748,48771,3.157,90.500,590.247,359.057,0,1.777,1.777,None
(ID48771 : ID48793),6,48771,48793,17.769,91.500,590.022,357.813,0,4.215,4.215,None
(ID48793 : ID48841),6,48793,48841,32.610,93.000,590.162,358.555,0,2.855,5.711,None
(ID48841 : ID48868),6,48841,48868,6.230,94.500,590.327,360.242,0,2.496,2.496,None
(ID46793 : ID46813),8,46793,46813,27.321,0.500,468.908,490.766,0,5.227,5.227,None
(ID46813 : ID46834),8,46813,46834,5.748,1.500,468.081,489.448,0,2.398,2.398,None
(ID46834 : ID46770),8,46834,46770,5.322,2.500,469.962,490.741,0,2.307,2.307,None
(ID46770 : ID46882),8,46770,46882,59.471,3.500,473.671,494.093,0,7.712,7.712,None
(ID46882 : ID46859),8,46882,46859,32.623,4.500,479.275,497.628,0,5.712,5.712,None
(ID46859 : ID46904),8,46859,46904,20.136,5.500,483.767,499.969,0,4.487,4.487,None
(ID46904 : ID46924),8,46904,46924,88.206,6.500,487.315,505.631,0,9.392,9.392,None
(ID46924 : ID46949),8,46924,46949,72.135,7.500,491.030,513.748,0,8.493,8.493,None
(ID46949 : ID46989),8,46949,46989,34.745,8.500,494.754,519.885,0,5.894,5.894,None
(ID46989 : ID46968),8,46989,46968,32.303,9.500,498.080,524.623,0,5.684,5.684,None
(ID46968 : ID47009),8,46968,47009,5.049,10.500,499.650,525.845,0,2.247,2.247,None
(ID47009 : ID47030),8,47009,47030,119.387,11.500,501.258,529.932,0,10.926,10.926,None
(ID47030 : ID47049),8,47030,47049,53.282,12.500,505.156,538.012,0,7.299,7.299,None
(ID47049 : ID47071),8,47049,47071,30.131,13.500,509.100,543.046,0,5.489,5.489,None
(ID47071 : ID47091),8,47071,47091,63.629,14.500,512.453,548.833,0,7.977,7.977,None
(ID47091 : ID47109),8,47091,47109,1.046,15.500,514.162,551.948,0,1.023,1.023,None
(ID47109 : ID47129),8,47109,47129,74.750,16.500,516.030,555.357,0,8.646,8.646,None
(ID47129 : ID47149),8,47129,47149,10.321,17.500,518.716,560.632,0,3.213,3.213,None
(ID47149 : ID47170),8,47149,47170,3.585,18.500,519.010,561.230,0,1.893,1.893,None
(ID47170 : ID47212),8,47170,47212,8.558,19.500,519.159,561.747,0,2.925,2.925,None
(ID47212 : ID47191),8,47212,47191,3.398,20.500,520.694,563.448,0,1.843,1.843,None
(ID47191 : ID47230),8,47191,47230,2.085,21.500,521.177,564.514,0,1.444,1.444,None
(ID47230 : ID47255),8,47230,47255,0.057,22.500,520.952,565.201,0,0.239,0.239,None
(ID47255 : ID47275),8,47255,47275,4.236,23.500,520.551,566.142,0,2.058,2.058,None
(ID47275 : ID47315),8,47275,47315,21.969,24.500,519.608,569.339,0,4.687,4.687,None
(ID47315 : ID47296),8,47315,47296,1.610,25.500,518.873,572.200,0,1.269,1.269,None
(ID47296 : ID47337),8,47296,47337,26.802,26.500,517.667,575.184,0,5.177,5.177,None
(ID47337 : ID47384),8,47337,47384,0.406,27.500,516.497,577.434,0,0.638,0.638,None
(ID47384 : ID47361),8,47384,47361,1.084,28.500,516.119,576.750,0,1.041,1.041,None
(ID47361 : ID47424),8,47361,47424,5.711,29.500,515.477,577.312,0,2.390,2.390,None
(ID47424 : ID47404),8,47424,47404,7.544,30.500,515.671,577.216,0,2.747,2.747,None
(ID47404 : ID47465),8,47404,47465,1.455,31.500,516.871,575.677,0,1.206,1.206,None
(ID47465 : ID47445),8,47465,47445,7.615,32.500,517.500,573.934,0,2.759,2.759,None
(ID47445 : ID47483),8,47445,47483,1.526,33.500,517.503,573.161,0,1.235,1.235,None
(ID47483 : ID47503),8,47483,47503,5.125,34.500,516.505,574.512,0,2.264,2.264,None
(ID47503 : ID47525),8,47503,47525,0.700,35.500,515.409,575.600,0,0.837,0.837,None
(ID47525 : ID47546),8,47525,47546,7.297,36.500,515.956,574.844,0,2.701,2.701,None
(ID47546 : ID47567),8,47546,47567,4.017,37.500,516.131,574.540,0,2.004,2.004,None
(ID47567 : ID47587),8,47567,47587,17.604,38.500,514.452,577.138,0,4.196,4.196,None
(ID47587 : ID47607),8,47587,47607,26.392,39.500,512.918,581.473,0,5.137,5.137,None
(ID47607 : ID47631),8,47607,47631,10.353,40.500,512.003,585.544,0,3.218,3.218,None
(ID47631 : ID47652),8,47631,47652,0.840,41.500,511.690,587.532,0,0.917,0.917,None
(ID47652 : ID47676),8,47652,47676,62.350,42.500,510.447,591.674,0,7.896,7.896,None
(ID46794 : ID46814),9,46794,46814,12.501,0.500,153.157,513.683,0,3.536,3.536,None
(ID46814 : ID46835),9,46814,46835,4.701,1.500,151.685,516.084,0,2.168,2.168,None
(ID46835 : ID46771),9,46835,46771,4.991,2.500,151.344,515.986,0,2.234,2.234,None
(ID46771 : ID46883),9,46771,46883,2.099,3.500,151.065,514.215,0,1.449,1.449,None
(ID46883 : ID46860),9,46883,46860,1.894,4.500,151.433,513.669,0,1.376,1.376,None
(ID46860 : ID46905),9,46860,46905,11.020,5.500,150.497,514.159,0,3.320,3.320,None
(ID46905 : ID46926),9,46905,46926,2.361,6.500,148.833,513.774,0,1.537,1.537,None
(ID46926 : ID46947),9,46926,46947,22.876,7.500,146.476,513.633,0,4.783,4.783,None
(ID46947 : ID46988),9,46947,46988,2.285,8.500,143.442,514.048,0,1.512,1.512,None
(ID46988 : ID46967),9,46988,46967,8.126,9.500,141.998,515.066,0,2.851,2.851,None
(ID46967 : ID47008),9,46967,47008,4.583,10.500,141.651,517.301,0,2.141,2.141,None
(ID47008 : ID47029),9,47008,47029,6.033,11.500,141.801,517.097,0,2.456,2.456,None
(ID47029 : ID47048),9,47029,47048,9.895,12.500,142.102,517.372,0,3.146,3.146,None
(ID47048 : ID47069),9,47048,47069,12.900,13.500,142.522,517.063,0,3.592,3.592,None
(ID47069 : ID47089),9,47069,47089,6.749,14.500,143.236,516.279,0,2.598,2.598,None
(ID47089 : ID47107),9,47089,47107,8.144,15.500,144.104,515.862,0,2.854,2.854,None
(ID47107 : ID47126),9,47107,47126,2.995,16.500,143.496,514.997,0,1.731,1.731,None
(ID47126 : ID47146),9,47126,47146,4.121,17.500,141.939,516.031,0,2.030,2.030,None
(ID47146 : ID47168),9,47146,47168,0.566,18.500,141.163,516.860,0,0.752,0.752,None
(ID47168 : ID47210),9,47168,47210,1.380,19.500,140.704,517.128,0,1.175,1.175,None
(ID47210 : ID47189),9,47210,47189,2.565,20.500,139.335,517.179,0,1.602,1.602,None
(ID47189 : ID47228),9,47189,47228,0.853,21.500,139.008,517.336,0,0.924,0.924,None
(ID47228 : ID47253),9,47228,47253,19.292,22.500,137.320,517.808,0,4.392,4.392,None
(ID47253 : ID47273),9,47253,47273,31.885,23.500,133.096,520.176,0,5.647,5.647,None
(ID47273 : ID47313),9,47273,47313,19.754,24.500,130.518,519.924,0,4.445,4.445,None
(ID47313 : ID47294),9,47313,47294,17.547,25.500,131.095,519.555,0,4.189,4.189,None
(ID47294 : ID47335),9,47294,47335,1.320,26.500,132.047,520.790,0,1.149,1.149,None
(ID47335 : ID47383),9,47335,47383,3.197,27.500,132.417,519.486,0,1.788,1.788,None
(ID47383 : ID47358),9,47383,47358,0.387,28.500,132.832,519.042,0,0.622,0.622,None
(ID47358 : ID47422),9,47358,47422,4.037,29.500,133.056,518.385,0,2.009,2.009,None
(ID47422 : ID47402),9,47422,47402,8.903,30.500,134.796,517.019,0,2.984,2.984,None
(ID47402 : ID47464),9,47402,47464,2.101,31.500,135.618,516.996,0,1.449,1.449,None
(ID47464 : ID47443),9,47464,47443,35.794,32.500,132.917,519.526,0,5.983,5.983,None
(ID47443 : ID47481),9,47443,47481,9.720,33.500,132.192,522.425,0,3.118,3.118,None
(ID47481 : ID47501),9,47481,47501,16.509,34.500,133.836,521.171,0,4.063,4.063,None
(ID47501 : ID47523),9,47501,47523,2.295,35.500,134.280,519.899,0,1.515,1.515,None
(ID47523 : ID47544),9,47523,47544,35.106,36.500,133.813,523.534,0,5.925,5.925,None
(ID47544 : ID47565),9,47544,47565,4.307,37.500,132.387,525.764,0,2.075,2.075,None
(ID47565 : ID47584),9,47565,47584,10.673,38.500,131.927,526.697,0,3.267,3.267,None
(ID47584 : ID47605),9,47584,47605,30.228,39.500,133.644,530.673,0,5.498,5.498,None
(ID47605 : ID47628),9,47605,47628,6.916,40.500,135.872,532.045,0,2.630,2.630,None
(ID47628 : ID47650),9,47628,47650,5.137,41.500,137.523,531.841,0,2.266,2.266,None
(ID47650 : ID47672),9,47650,47672,19.818,42.500,136.114,532.900,0,4.452,4.452,None
(ID47672 : ID47714),9,47672,47714,33.654,43.500,133.465,530.292,0,5.801,5.801,None
(ID46776 : ID46798),13,46776,46798,16.734,0.500,351.528,14.973,0,4.091,4.091,None
(ID46798 : ID46819),13,46798,46819,245.265,1.500,346.332,23.011,0,15.661,15.661,None
(ID46819 : ID46755),13,46819,46755,22.544,2.500,341.427,31.901,0,4.748,4.748,None
(ID46755 : ID46864),13,46755,46864,538.713,3.500,345.400,23.508,0,23.210,23.210,None
(ID46864 : ID46840),13,46864,46840,249.764,4.500,355.162,6.638,0,15.804,15.804,None
(ID46840 : ID46887),13,46840,46887,0.423,5.500,359.775,0.000,0,0.650,0.650,None
(ID46887 : ID46908),13,46887,46908,491.536,6.500,354.442,9.533,0,22.171,22.171,None
(ID46908 : ID46932),13,46908,46932,32.968,7.500,347.515,21.640,0,5.742,5.742,None
(ID46932 : ID46972),13,46932,46972,85.890,8.500,348.483,20.157,0,9.268,9.268,None
(ID46972 : ID46952),13,46972,46952,27.983,9.500,352.648,14.288,0,5.290,5.290,None
(ID46952 : ID46993),13,46952,46993,41.612,10.500,353.091,15.341,0,6.451,6.451,None
(ID46993 : ID47015),13,46993,47015,108.042,11.500,350.364,23.251,0,10.394,10.394,None
(ID47015 : ID47034),13,47015,47034,166.158,12.500,351.272,22.222,0,12.890,12.890,None
(ID47034 : ID47053),13,47034,47053,13.070,13.500,354.966,15.205,0,3.615,3.615,None
(ID47053 : ID47074),13,47053,47074,57.526,14.500,354.932,17.712,0,7.585,7.585,None
(ID47074 : ID47112),13,47074,47112,7.557,16.000,353.338,19.786,0,1.374,2.749,None
(ID47112 : ID47133),13,47112,47133,7.050,17.500,354.056,19.517,0,2.655,2.655,None
(ID47133 : ID47153),13,47133,47153,5.378,18.500,354.655,19.471,0,2.319,2.319,None
(ID47153 : ID47195),13,47153,47195,61.165,19.500,352.875,21.868,0,7.821,7.821,None
(ID47195 : ID47173),13,47195,47173,13.408,20.500,352.186,23.854,0,3.662,3.662,None
(ID47173 : ID47215),13,47173,47215,18.220,21.500,352.135,24.174,0,4.269,4.269,None
(ID47215 : ID47235),13,47215,47235,30.594,22.500,352.503,23.656,0,5.531,5.531,None
(ID47235 : ID47258),13,47235,47258,5.637,23.500,354.563,22.224,0,2.374,2.374,None
(ID47258 : ID47298),13,47258,47298,0.773,24.500,355.639,23.396,0,0.879,0.879,None
(ID47298 : ID47278),13,47298,47278,32.784,25.500,355.045,20.912,0,5.726,5.726,None
(ID47278 : ID47319),13,47278,47319,2.490,26.500,353.643,18.892,0,1.578,1.578,None
(ID47319 : ID47365),13,47319,47365,5.140,27.500,353.270,20.693,0,2.267,2.267,None
(ID47365 : ID47340),13,47365,47340,44.005,28.500,353.314,18.509,0,6.634,6.634,None
(ID47340 : ID47406),13,47340,47406,28.427,29.500,353.497,17.852,0,5.332,5.332,None
(ID47406 : ID47387),13,47406,47387,3.083,30.500,354.399,20.003,0,1.756,1.756,None
(ID47387 : ID47447),13,47387,47447,2.681,31.500,354.311,19.340,0,1.637,1.637,None
(ID47447 : ID47427),13,47447,47427,6.942,32.500,354.721,18.674,0,2.635,2.635,None
(ID47427 : ID47467),13,47427,47467,12.095,33.500,354.721,19.406,0,3.478,3.478,None
(ID47467 : ID47485),13,47467,47485,3.813,34.500,354.222,19.987,0,1.953,1.953,None
(ID47485 : ID47505),13,47485,47505,13.848,35.500,356.233,17.988,0,3.721,3.721,None
(ID47505 : ID47528),13,47505,47528,23.554,36.500,358.010,19.030,0,4.853,4.853,None
(ID47528 : ID47548),13,47528,47548,1.155,37.500,357.979,21.248,0,1.075,1.075,None
(ID47548 : ID47570),13,47548,47570,3.920,38.500,358.454,21.148,0,1.980,1.980,None
(ID47570 : ID47590),13,47570,47590,0.673,39.500,359.378,21.614,0,0.821,0.821,None
(ID47590 : ID47611),13,47590,47611,12.230,40.500,359.304,23.767,0,3.497,3.497,None
(ID47611 : ID47634),13,47611,47634,35.340,41.500,361.341,23.361,0,5.945,5.945,None
(ID47634 : ID47656),13,47634,47656,3.420,42.500,362.479,21.377,0,1.849,1.849,None
(ID47656 : ID47699),13,47656,47699,2.873,43.500,361.201,22.312,0,1.695,1.695,None
(ID47699 : ID47721),13,47699,47721,3.986,45.000,360.975,22.086,0,0.998,1.996,None
(ID47721 : ID47742),13,47721,47742,3.721,46.500,360.874,22.032,0,1.929,1.929,None
(ID47742 : ID47782),13,47742,47782,5.335,47.500,360.143,24.012,0,2.310,2.310,None
(ID47782 : ID47762),13,47782,47762,14.763,48.500,361.553,24.769,0,3.842,3.842,None
(ID47762 : ID47804),13,47762,47804,2.792,49.500,363.935,23.797,0,1.671,1.671,None
(ID47804 : ID47825),13,47804,47825,1.871,50.500,364.329,23.794,0,1.368,1.368,None
(ID47825 : ID47890),13,47825,47890,31.386,51.500,363.614,27.202,0,5.602,5.602,None
(ID47890 : ID47869),13,47890,47869,2.188,52.500,362.961,29.193,0,1.479,1.479,None
(ID47869 : ID47847),13,47869,47847,56.669,53.500,364.661,25.108,0,7.528,7.528,None
(ID47847 : ID47914),13,47847,47914,12.371,54.500,365.411,20.299,0,3.517,3.517,None
(ID47914 : ID47938),13,47914,47938,29.716,55.500,364.624,21.555,0,5.451,5.451,None
(ID47938 : ID47959),13,47938,47959,0.143,56.500,364.939,24.134,0,0.378,0.378,None
(ID47959 : ID47986),13,47959,47986,2.779,57.500,365.844,23.695,0,1.667,1.667,None
(ID47986 : ID48026),13,47986,48026,36.158,59.000,366.007,26.339,0,3.007,6.013,None
(ID48026 : ID48047),13,48026,48047,169.633,60.500,367.165,23.016,0,13.024,13.024,None
(ID48047 : ID48069),13,48047,48069,1.681,61.500,369.317,17.277,0,1.296,1.296,None
(ID48069 : ID48089),13,48069,48089,0.298,62.500,369.585,18.052,0,0.546,0.546,None
(ID48089 : ID48115),13,48089,48115,1.038,63.500,369.807,18.688,0,1.019,1.019,None
(ID48115 : ID48139),13,48115,48139,5.821,64.500,369.657,20.179,0,2.413,2.413,None
(ID48139 : ID48161),13,48139,48161,65.738,65.500,369.143,17.230,0,8.108,8.108,None
(ID48161 : ID48186),13,48161,48186,10.252,66.500,370.265,14.288,0,3.202,3.202,None
(ID48186 : ID48211),13,48186,48211,51.540,67.500,368.305,17.187,0,7.179,7.179,None
(ID48211 : ID48234),13,48211,48234,5.026,68.500,364.093,18.761,0,2.242,2.242,None
(ID48234 : ID48259),13,48234,48259,29.184,69.500,365.419,17.360,0,5.402,5.402,None
(ID48259 : ID48281),13,48259,48281,12.944,70.500,366.978,14.598,0,3.598,3.598,None
(ID48281 : ID48305),13,48281,48305,2.432,71.500,366.796,13.392,0,1.559,1.559,None
(ID48305 : ID48330),13,48305,48330,45.449,72.500,370.043,15.954,0,6.742,6.742,None
(ID48330 : ID48354),13,48330,48354,4.112,73.500,372.520,17.136,0,2.028,2.028,None
(ID48354 : ID48378),13,48354,48378,16.853,74.500,374.011,17.444,0,4.105,4.105,None
(ID48378 : ID48401),13,48378,48401,26.517,75.500,374.240,16.566,0,5.149,5.149,None
(ID48401 : ID48423),13,48401,48423,34.511,76.500,374.096,17.051,0,5.875,5.875,None
(ID48423 : ID48446),13,48423,48446,8.349,77.500,376.729,19.930,0,2.890,2.890,None
(ID48446 : ID48469),13,48446,48469,198.068,78.500,373.119,15.218,0,14.074,14.074,None
(ID48469 : ID48491),13,48469,48491,100.274,79.500,371.463,13.997,0,10.014,10.014,None
(ID46782 : ID46803),18,46782,46803,13.317,0.500,579.917,193.537,0,3.649,3.649,None
(ID46803 : ID46823),18,46803,46823,0.215,1.500,579.360,191.636,0,0.463,0.463,None
(ID46823 : ID46758),18,46823,46758,3.293,2.500,579.894,190.997,0,1.815,1.815,None
(ID46758 : ID46870),18,46758,46870,0.802,3.500,580.562,190.912,0,0.895,0.895,None
(ID46870 : ID46848),18,46870,46848,0.788,4.500,580.221,191.705,0,0.888,0.888,None
(ID46848 : ID46894),18,46848,46894,0.059,5.500,579.932,192.176,0,0.242,0.242,None
(ID46894 : ID46913),18,46894,46913,0.675,6.500,580.059,192.681,0,0.822,0.822,None
(ID46913 : ID46936),18,46913,46936,0.811,7.500,580.100,192.628,0,0.901,0.901,None
(ID46936 : ID46979),18,46936,46979,3.252,8.500,580.263,193.051,0,1.803,1.803,None
(ID46979 : ID46958),18,46979,46958,3.579,9.500,581.249,193.298,0,1.892,1.892,None
(ID46958 : ID46998),18,46958,46998,2.720,10.500,582.215,191.897,0,1.649,1.649,None
(ID46998 : ID47020),18,46998,47020,0.469,11.500,582.473,190.768,0,0.685,0.685,None
(ID47020 : ID47039),18,47020,47039,0.143,12.500,582.675,190.443,0,0.379,0.379,None
(ID47039 : ID47058),18,47039,47058,0.492,13.500,583.199,190.560,0,0.702,0.702,None
(ID47058 : ID47080),18,47058,47080,3.983,14.500,583.395,189.673,0,1.996,1.996,None
(ID47080 : ID47100),18,47080,47100,1.803,15.500,583.874,188.428,0,1.343,1.343,None
(ID47100 : ID47117),18,47100,47117,7.446,16.500,584.204,186.837,0,2.729,2.729,None
(ID47117 : ID47137),18,47117,47137,7.805,17.500,583.692,184.125,0,2.794,2.794,None
(ID47137 : ID47158),18,47137,47158,3.267,18.500,582.854,182.084,0,1.807,1.807,None
(ID47158 : ID47198),18,47158,47198,3.265,19.500,581.707,180.692,0,1.807,1.807,None
(ID47198 : ID47178),18,47198,47178,0.975,20.500,580.831,179.608,0,0.987,0.987,None
(ID47178 : ID47218),18,47178,47218,3.987,21.500,580.002,178.382,0,1.997,1.997,None
(ID47218 : ID47239),18,47218,47239,9.995,22.500,578.050,176.922,0,3.162,3.162,None
(ID47239 : ID47262),18,47239,47262,1.393,23.500,576.900,175.838,0,1.180,1.180,None
(ID47262 : ID47303),18,47262,47303,1.597,24.500,577.185,174.710,0,1.264,1.264,None
(ID47303 : ID47283),18,47303,47283,0.605,25.500,576.763,174.107,0,0.778,0.778,None
(ID47283 : ID47324),18,47283,47324,0.114,26.500,576.533,174.076,0,0.337,0.337,None
(ID47324 : ID47370),18,47324,47370,1.418,27.500,576.907,173.462,0,1.191,1.191,None
(ID47370 : ID47344),18,47370,47344,3.213,28.500,577.956,172.574,0,1.792,1.792,None
(ID47344 : ID47410),18,47344,47410,0.561,29.500,579.084,172.011,0,0.749,0.749,None
(ID47410 : ID47391),18,47410,47391,4.173,30.500,580.326,171.397,0,2.043,2.043,None
(ID47391 : ID47451),18,47391,47451,0.190,31.500,581.151,171.193,0,0.436,0.436,None
(ID47451 : ID47431),18,47451,47431,3.223,32.500,581.924,171.294,0,1.795,1.795,None
(ID47431 : ID47470),18,47431,47470,3.221,33.500,581.924,171.284,0,1.795,1.795,None
(ID47470 : ID47488),18,47470,47488,2.392,34.500,580.257,171.306,0,1.546,1.546,None
(ID47488 : ID47509),18,47488,47509,89.852,35.500,574.795,171.933,0,9.479,9.479,None
(ID46783 : ID46804),19,46783,46804,65.916,0.500,167.754,197.455,0,8.119,8.119,None
(ID46804 : ID46824),19,46804,46824,90.975,1.500,169.365,194.759,0,9.538,9.538,None
(ID46824 : ID46760),19,46824,46760,99.073,2.500,169.366,193.183,0,9.954,9.954,None
(ID46760 : ID46871),19,46760,46871,114.569,3.500,169.912,192.398,0,10.704,10.704,None
(ID46871 : ID46847),19,46871,46847,106.244,4.500,170.320,191.463,0,10.307,10.307,None
(ID46847 : ID46893),19,46847,46893,59.811,5.500,169.114,191.008,0,7.734,7.734,None
(ID46893 : ID46912),19,46893,46912,167.884,6.500,166.492,190.716,0,12.957,12.957,None
(ID46912 : ID46935),19,46912,46935,166.871,7.500,166.618,188.916,0,12.918,12.918,None
(ID46935 : ID46978),19,46935,46978,479.844,8.500,162.158,187.546,0,21.905,21.905,None
(ID46978 : ID46956),19,46978,46956,1.025,9.500,151.247,186.050,0,1.012,1.012,None
(ID46956 : ID46996),19,46956,46996,88.096,10.500,146.551,185.536,0,9.386,9.386,None
(ID46996 : ID47018),19,46996,47018,0.006,11.500,141.867,185.491,0,0.077,0.077,None
(ID47018 : ID47037),19,47018,47037,161.901,12.500,148.182,184.618,0,12.724,12.724,None
(ID47037 : ID47056),19,47037,47056,106.386,13.500,149.481,185.015,0,10.314,10.314,None
(ID47056 : ID47078),19,47056,47078,15.121,14.500,146.395,185.953,0,3.889,3.889,None
(ID47078 : ID47098),19,47078,47098,11.763,15.500,146.719,185.037,0,3.430,3.430,None
(ID47098 : ID47118),19,47098,47118,23.886,16.500,142.754,185.022,0,4.887,4.887,None
(ID47118 : ID47138),19,47118,47138,14.046,17.500,138.920,186.796,0,3.748,3.748,None
(ID47138 : ID47161),19,47138,47161,53.172,18.500,140.929,186.859,0,7.292,7.292,None
(ID47161 : ID47201),19,47161,47201,7.849,19.500,143.083,186.223,0,2.802,2.802,None
(ID47201 : ID47181),19,47201,47181,1.888,20.500,141.242,187.139,0,1.374,1.374,None
(ID47181 : ID47221),19,47181,47221,2.294,21.500,141.171,186.978,0,1.514,1.514,None
(ID47221 : ID47242),19,47221,47242,100.563,22.500,136.743,187.534,0,10.028,10.028,None
(ID47242 : ID47265),19,47242,47265,32.098,23.500,134.489,187.629,0,5.666,5.666,None
(ID47265 : ID47306),19,47265,47306,3.719,24.500,136.148,186.503,0,1.928,1.928,None
(ID47306 : ID47286),19,47306,47286,3.247,25.500,135.743,185.741,0,1.802,1.802,None
(ID47286 : ID47327),19,47286,47327,1.888,26.500,135.718,185.398,0,1.374,1.374,None
(ID47327 : ID47374),19,47327,47374,6.602,27.500,133.861,185.921,0,2.569,2.569,None
(ID47374 : ID47347),19,47374,47347,1.049,28.500,132.270,186.481,0,1.024,1.024,None
(ID47347 : ID47413),19,47347,47413,3.853,29.500,131.194,186.262,0,1.963,1.963,None
(ID47413 : ID47394),19,47413,47394,2.737,30.500,129.627,185.463,0,1.654,1.654,None
(ID47394 : ID47454),19,47394,47454,3.650,31.500,127.889,185.506,0,1.911,1.911,None
(ID47454 : ID47433),19,47454,47433,6.458,32.500,126.297,184.641,0,2.541,2.541,None
(ID47433 : ID47472),19,47433,47472,11.608,33.500,124.454,184.785,0,3.407,3.407,None
(ID47472 : ID47490),19,47472,47490,8.706,34.500,122.119,185.093,0,2.951,2.951,None
(ID47490 : ID47511),19,47490,47511,16.962,35.500,119.177,185.193,0,4.118,4.118,None
(ID47511 : ID47532),19,47511,47532,21.955,36.500,119.637,185.557,0,4.686,4.686,None
(ID47532 : ID47554),19,47532,47554,5.330,37.500,121.162,184.002,0,2.309,2.309,None
(ID47554 : ID47574),19,47554,47574,6.290,38.500,120.119,184.316,0,2.508,2.508,None
(ID47574 : ID47594),19,47574,47594,10.348,39.500,118.363,186.249,0,3.217,3.217,None
(ID47594 : ID47614),19,47594,47614,6.382,40.500,115.672,187.131,0,2.526,2.526,None
(ID47614 : ID47639),19,47614,47639,39.087,41.500,116.738,185.196,0,6.252,6.252,None
(ID47639 : ID47660),19,47639,47660,5.519,42.500,120.081,182.524,0,2.349,2.349,None
(ID47660 : ID47701),19,47660,47701,24.984,43.500,118.791,182.891,0,4.998,4.998,None
(ID47701 : ID47681),19,47701,47681,0.585,44.500,116.101,183.760,0,0.765,0.765,None
(ID47681 : ID47726),19,47681,47726,4.538,45.500,114.675,183.863,0,2.130,2.130,None
(ID47726 : ID47745),19,47726,47745,0.884,46.500,113.666,183.571,0,0.940,0.940,None
(ID47745 : ID47786),19,47745,47786,1.505,47.500,114.148,183.531,0,1.227,1.227,None
(ID47786 : ID47766),19,47786,47766,12.407,48.500,113.133,184.954,0,3.522,3.522,None
(ID47766 : ID47807),19,47766,47807,10.388,49.500,111.105,184.443,0,3.223,3.223,None
(ID47807 : ID47829),19,47807,47829,2.452,50.500,110.954,183.595,0,1.566,1.566,None
(ID47829 : ID47894),19,47829,47894,5.029,51.500,112.470,184.512,0,2.243,2.243,None
(ID47894 : ID47872),19,47894,47872,0.323,52.500,113.361,184.972,0,0.569,0.569,None
(ID47872 : ID47851),19,47872,47851,2.654,53.500,113.877,185.561,0,1.629,1.629,None
(ID47851 : ID47918),19,47851,47918,0.021,54.500,114.537,185.993,0,0.143,0.143,None
(ID47918 : ID47943),19,47918,47943,9.568,55.500,113.258,186.984,0,3.093,3.093,None
(ID47943 : ID47964),19,47943,47964,2.066,56.500,111.329,188.060,0,1.437,1.437,None
(ID47964 : ID47990),19,47964,47990,7.723,57.500,111.084,186.879,0,2.779,2.779,None
(ID47990 : ID48008),19,47990,48008,7.670,58.500,110.977,184.306,0,2.769,2.769,None
(ID48008 : ID48029),19,48008,48029,1.356,59.500,109.830,183.117,0,1.164,1.164,None
(ID48029 : ID48050),19,48029,48050,6.925,60.500,108.739,181.979,0,2.632,2.632,None
(ID48050 : ID48072),19,48050,48072,26.854,61.500,106.927,183.009,0,5.182,5.182,None
(ID48072 : ID48092),19,48072,48092,24.619,62.500,107.636,183.796,0,4.962,4.962,None
(ID48092 : ID48118),19,48092,48118,14.072,63.500,108.414,183.756,0,3.751,3.751,None
(ID48118 : ID48142),19,48118,48142,0.180,64.500,106.987,185.089,0,0.425,0.425,None
(ID48142 : ID48165),19,48142,48165,15.344,65.500,107.108,186.940,0,3.917,3.917,None
(ID48165 : ID48190),19,48165,48190,11.910,66.500,106.542,187.391,0,3.451,3.451,None
(ID48190 : ID48215),19,48190,48215,5.101,67.500,105.336,184.826,0,2.259,2.259,None
(ID48215 : ID48238),19,48215,48238,8.967,68.500,105.334,185.206,0,2.994,2.994,None
(ID48238 : ID48264),19,48238,48264,16.494,69.500,105.347,188.676,0,4.061,4.061,None
(ID48264 : ID48286),19,48264,48286,4.045,70.500,104.357,189.946,0,2.011,2.011,None
(ID48286 : ID48309),19,48286,48309,3.991,71.500,103.582,188.213,0,1.998,1.998,None
(ID48309 : ID48335),19,48309,48335,27.036,72.500,104.744,189.495,0,5.200,5.200,None
(ID48335 : ID48359),19,48335,48359,8.814,73.500,104.578,191.344,0,2.969,2.969,None
(ID48359 : ID48382),19,48359,48382,3.615,74.500,103.365,189.988,0,1.901,1.901,None
(ID48382 : ID48405),19,48382,48405,1.178,75.500,103.571,188.518,0,1.085,1.085,None
(ID48405 : ID48427),19,48405,48427,8.429,76.500,104.549,186.904,0,2.903,2.903,None
(ID48427 : ID48450),19,48427,48450,39.704,77.500,103.406,188.161,0,6.301,6.301,None
(ID48450 : ID48474),19,48450,48474,0.945,78.500,101.196,190.968,0,0.972,0.972,None
(ID48474 : ID48495),19,48474,48495,4.523,79.500,101.713,192.320,0,2.127,2.127,None
(ID48495 : ID48519),19,48495,48519,1.476,80.500,101.825,193.550,0,1.215,1.215,None
(ID48519 : ID48541),19,48519,48541,10.623,81.500,100.985,192.313,0,3.259,3.259,None
(ID48541 : ID48569),19,48541,48569,4.492,82.500,100.814,191.766,0,2.119,2.119,None
(ID48569 : ID48594),19,48569,48594,5.261,83.500,100.181,193.623,0,2.294,2.294,None
(ID48594 : ID48618),19,48594,48618,1.897,84.500,98.686,194.372,0,1.377,1.377,None
(ID48618 : ID48639),19,48618,48639,0.012,85.500,97.992,194.254,0,0.110,0.110,None
(ID48639 : ID48664),19,48639,48664,3.499,86.500,97.424,193.451,0,1.871,1.871,None
(ID48664 : ID48688),19,48664,48688,3.278,87.500,97.533,193.312,0,1.811,1.811,None
(ID48688 : ID48714),19,48688,48714,7.263,88.500,97.504,192.770,0,2.695,2.695,None
(ID48714 : ID48737),19,48714,48737,15.241,89.500,95.082,190.701,0,3.904,3.904,None
(ID48737 : ID48763),19,48737,48763,33.821,90.500,93.447,192.691,0,5.816,5.816,None
(ID48763 : ID48783),19,48763,48783,22.505,91.500,94.423,193.398,0,4.744,4.744,None
(ID48783 : ID48806),19,48783,48806,31.838,92.500,96.593,193.712,0,5.643,5.643,None
(ID48806 : ID48831),19,48806,48831,25.540,93.500,97.011,193.851,0,5.054,5.054,None
(ID48831 : ID48858),19,48831,48858,16.844,94.500,98.067,192.199,0,4.104,4.104,None
(ID48858 : ID48884),19,48858,48884,11.425,95.500,98.573,193.847,0,3.380,3.380,None
(ID46850 : ID46897),21,46850,46897,1.217,5.500,571.025,211.894,0,1.103,1.103,None
(ID46897 : ID46915),21,46897,46915,1.885,6.500,571.914,212.462,0,1.373,1.373,None
(ID46915 : ID46937),21,46915,46937,307.780,7.500,578.788,206.303,0,17.544,17.544,None
(ID46937 : ID46980),21,46937,46980,0.249,8.500,584.729,200.104,0,0.499,0.499,None
(ID46980 : ID46999),21,46980,46999,10.120,10.000,586.071,200.092,0,1.591,3.181,None
(ID46999 : ID47019),21,46999,47019,475.732,11.500,596.434,193.586,0,21.811,21.811,None
(ID47019 : ID47038),21,47019,47038,3.784,12.500,606.176,187.026,0,1.945,1.945,None
(ID47038 : ID47057),21,47038,47057,2.210,13.500,607.023,187.678,0,1.487,1.487,None
(ID47057 : ID47079),21,47057,47079,0.259,14.500,607.005,188.179,0,0.508,0.508,None
(ID47079 : ID47099),21,47079,47099,4.615,15.500,607.899,187.219,0,2.148,2.148,None
(ID47099 : ID47160),21,47099,47160,4.453,17.500,608.219,185.545,0,0.703,2.110,None
(ID47160 : ID47200),21,47160,47200,8.209,19.500,606.370,184.985,0,2.865,2.865,None
(ID47200 : ID47180),21,47200,47180,3.010,20.500,604.293,185.886,0,1.735,1.735,None
(ID47180 : ID47220),21,47180,47220,2.337,21.500,603.464,185.648,0,1.529,1.529,None
(ID47220 : ID47241),21,47220,47241,10.076,22.500,601.764,184.652,0,3.174,3.174,None
(ID47241 : ID47264),21,47241,47264,1.672,23.500,599.559,184.294,0,1.293,1.293,None
(ID47264 : ID47305),21,47264,47305,2.588,24.500,598.929,183.375,0,1.609,1.609,None
(ID47305 : ID47285),21,47305,47285,0.176,25.500,599.138,182.518,0,0.420,0.420,None
(ID47285 : ID47326),21,47285,47326,4.496,26.500,598.561,183.182,0,2.120,2.120,None
(ID47326 : ID47373),21,47326,47373,0.200,27.500,597.627,183.737,0,0.447,0.447,None
(ID47373 : ID47346),21,47373,47346,0.996,28.500,597.972,183.527,0,0.998,0.998,None
(ID47346 : ID47412),21,47346,47412,0.940,29.500,598.181,183.090,0,0.970,0.970,None
(ID47412 : ID47393),21,47412,47393,2.605,30.500,598.692,182.812,0,1.614,1.614,None
(ID47393 : ID47453),21,47393,47453,2.682,31.500,598.844,183.427,0,1.638,1.638,None
(ID47453 : ID47434),21,47453,47434,3.234,32.500,599.036,184.251,0,1.798,1.798,None
(ID47434 : ID47473),21,47434,47473,16.012,33.500,598.166,185.613,0,4.001,4.001,None
(ID47473 : ID47491),21,47473,47491,0.298,34.500,596.481,186.381,0,0.546,0.546,None
(ID47491 : ID47512),21,47491,47512,8.925,35.500,595.060,186.489,0,2.988,2.988,None
(ID47512 : ID47533),21,47512,47533,0.139,36.500,593.519,186.709,0,0.373,0.373,None
(ID47533 : ID47555),21,47533,47555,7.886,37.500,592.561,187.658,0,2.808,2.808,None
(ID47555 : ID47575),21,47555,47575,19.939,38.500,593.787,187.972,0,4.465,4.465,None
(ID47575 : ID47595),21,47575,47595,3.024,39.500,595.315,187.844,0,1.739,1.739,None
(ID46764 : ID46875),22,46764,46875,18.145,3.500,452.505,244.747,0,4.260,4.260,None
(ID46875 : ID46854),22,46875,46854,1.799,4.500,451.503,243.649,0,1.341,1.341,None
(ID46854 : ID46898),22,46854,46898,207.300,5.500,456.877,249.333,0,14.398,14.398,None
(ID46898 : ID46916),22,46898,46916,2.363,6.500,462.422,255.035,0,1.537,1.537,None
(ID46916 : ID46940),22,46916,46940,85.406,7.500,459.674,252.318,0,9.242,9.242,None
(ID46940 : ID46983),22,46940,46983,7.729,8.500,457.106,250.213,0,2.780,2.780,None
(ID46983 : ID46963),22,46983,46963,179.922,9.500,462.296,256.361,0,13.413,13.413,None
(ID46963 : ID47004),22,46963,47004,13.610,10.500,467.436,263.018,0,3.689,3.689,None
(ID47004 : ID47023),22,47004,47023,158.201,11.500,463.224,260.680,0,12.578,12.578,None
(ID47023 : ID47042),22,47023,47042,12.348,12.500,457.447,255.142,0,3.514,3.514,None
(ID47042 : ID47062),22,47042,47062,25.551,13.500,458.076,255.629,0,5.055,5.055,None
(ID47062 : ID47085),22,47062,47085,191.520,14.500,464.438,262.610,0,13.839,13.839,None
(ID47085 : ID47104),22,47085,47104,7.741,15.500,468.400,266.501,0,2.782,2.782,None
(ID47104 : ID47123),22,47104,47123,4.278,16.500,466.613,265.486,0,2.068,2.068,None
(ID47123 : ID47142),22,47123,47142,30.736,17.500,463.264,264.124,0,5.544,5.544,None
(ID47142 : ID47165),22,47142,47165,4.555,18.500,459.927,262.275,0,2.134,2.134,None
(ID47165 : ID47205),22,47165,47205,1.255,19.500,458.652,261.440,0,1.120,1.120,None
(ID47205 : ID47183),22,47205,47183,8.512,20.500,457.241,260.046,0,2.918,2.918,None
(ID47183 : ID47225),22,47183,47225,267.131,21.500,461.472,265.298,0,16.344,16.344,None
(ID47225 : ID47248),22,47225,47248,5.569,22.500,465.687,271.646,0,2.360,2.360,None
(ID47248 : ID47270),22,47248,47270,2.976,23.500,464.605,272.700,0,1.725,1.725,None
(ID47270 : ID47310),22,47270,47310,14.104,24.500,466.338,274.452,0,3.756,3.756,None
(ID47310 : ID47290),22,47310,47290,1.270,25.500,468.147,275.886,0,1.127,1.127,None
(ID46919 : ID46944),27,46919,46944,17.952,7.500,582.713,262.144,0,4.237,4.237,None
(ID46944 : ID46985),27,46944,46985,42.598,8.500,577.457,263.294,0,6.527,6.527,None
(ID46985 : ID46964),27,46985,46964,7.324,9.500,572.973,264.390,0,2.706,2.706,None
(ID46964 : ID47003),27,46964,47003,3.616,10.500,572.563,264.423,0,1.901,1.901,None
(ID47003 : ID47026),27,47003,47026,0.579,11.500,573.473,264.498,0,0.761,0.761,None
(ID47026 : ID47044),27,47026,47044,9.518,12.500,575.020,264.767,0,3.085,3.085,None
(ID47044 : ID47064),27,47044,47064,55.102,13.500,580.046,263.386,0,7.423,7.423,None
(ID47064 : ID47083),27,47064,47083,5.752,14.500,584.123,261.072,0,2.398,2.398,None
(ID47083 : ID47102),27,47083,47102,23.735,15.500,586.657,258.561,0,4.872,4.872,None
(ID47102 : ID47121),27,47102,47121,8.810,16.500,590.009,257.570,0,2.968,2.968,None
(ID47121 : ID47140),27,47121,47140,3.476,17.500,592.347,258.060,0,1.864,1.864,None
(ID47140 : ID47163),27,47140,47163,7.862,18.500,594.551,257.487,0,2.804,2.804,None
(ID47163 : ID47204),27,47163,47204,8.965,19.500,597.088,257.700,0,2.994,2.994,None
(ID47204 : ID47184),27,47204,47184,8.814,20.500,599.336,259.614,0,2.969,2.969,None
(ID47184 : ID47223),27,47184,47223,0.307,21.500,600.595,260.691,0,0.554,0.554,None
(ID47223 : ID47245),27,47223,47245,0.050,22.500,600.981,260.649,0,0.223,0.223,None
(ID47245 : ID47268),27,47245,47268,0.243,23.500,600.910,260.476,0,0.493,0.493,None
(ID47268 : ID47308),27,47268,47308,0.685,24.500,600.587,259.921,0,0.828,0.828,None
(ID47308 : ID47288),27,47308,47288,0.134,25.500,600.584,259.653,0,0.367,0.367,None
(ID47288 : ID47329),27,47288,47329,1.101,26.500,600.547,260.268,0,1.049,1.049,None
(ID47329 : ID47376),27,47329,47376,1.058,27.500,600.058,260.354,0,1.029,1.029,None
(ID47376 : ID47351),27,47376,47351,0.003,28.500,599.749,259.919,0,0.055,0.055,None
(ID47351 : ID47415),27,47351,47415,1.308,29.500,599.188,259.801,0,1.144,1.144,None
(ID47415 : ID47396),27,47415,47396,0.222,30.500,598.835,259.816,0,0.472,0.472,None
(ID47396 : ID47457),27,47396,47457,2.371,31.500,599.809,260.022,0,1.540,1.540,None
(ID47457 : ID47436),27,47457,47436,4.338,32.500,601.602,259.967,0,2.083,2.083,None
(ID47436 : ID47476),27,47436,47476,0.395,33.500,602.739,260.105,0,0.628,0.628,None
(ID47476 : ID47494),27,47476,47494,2.630,34.500,602.252,259.849,0,1.622,1.622,None
(ID47494 : ID47514),27,47494,47514,0.945,35.500,601.659,259.784,0,0.972,0.972,None
(ID47514 : ID47535),27,47514,47535,0.439,36.500,601.941,260.446,0,0.663,0.663,None
(ID47535 : ID47557),27,47535,47557,1.010,37.500,602.717,260.538,0,1.005,1.005,None
(ID47557 : ID47577),27,47557,47577,0.311,38.500,603.005,260.267,0,0.558,0.558,None
(ID47577 : ID47597),27,47577,47597,4.085,39.500,602.052,260.762,0,2.021,2.021,None
(ID47597 : ID47617),27,47597,47617,3.021,40.500,601.412,260.581,0,1.738,1.738,None
(ID47617 : ID47642),27,47617,47642,0.631,41.500,601.498,260.115,0,0.794,0.794,None
(ID47642 : ID47663),27,47642,47663,0.983,42.500,601.911,260.753,0,0.992,0.992,None
(ID47663 : ID47705),27,47663,47705,0.377,43.500,602.616,261.137,0,0.614,0.614,None
(ID47705 : ID47685),27,47705,47685,1.744,44.500,603.413,260.880,0,1.321,1.321,None
(ID47685 : ID47728),27,47685,47728,0.387,45.500,604.204,260.641,0,0.622,0.622,None
(ID47728 : ID47748),27,47728,47748,5.579,46.500,605.588,261.182,0,2.362,2.362,None
(ID47748 : ID47788),27,47748,47788,4.820,47.500,605.617,261.698,0,2.195,2.195,None
(ID47788 : ID47768),27,47788,47768,0.896,48.500,604.313,261.412,0,0.947,0.947,None
(ID47768 : ID47810),27,47768,47810,0.900,49.500,604.521,261.207,0,0.948,0.948,None
(ID47810 : ID47832),27,47810,47832,2.979,50.500,604.157,261.779,0,1.726,1.726,None
(ID47832 : ID47897),27,47832,47897,3.377,51.500,602.483,262.372,0,1.838,1.838,None
(ID47897 : ID47875),27,47897,47875,10.766,52.500,603.069,263.332,0,3.281,3.281,None
(ID47875 : ID47854),27,47875,47854,2.782,53.500,603.708,264.061,0,1.668,1.668,None
(ID47854 : ID47923),27,47854,47923,1.148,54.500,602.434,264.373,0,1.071,1.071,None
(ID47923 : ID47946),27,47923,47946,0.975,55.500,602.401,264.958,0,0.987,0.987,None
(ID47946 : ID47967),27,47946,47967,0.213,56.500,602.897,265.450,0,0.461,0.461,None
(ID47967 : ID47994),27,47967,47994,3.741,57.500,603.897,265.989,0,1.934,1.934,None
(ID47994 : ID48013),27,47994,48013,0.482,58.500,604.545,266.543,0,0.694,0.694,None
(ID48013 : ID48033),27,48013,48033,3.839,59.500,603.313,266.912,0,1.959,1.959,None
(ID48033 : ID48054),27,48033,48054,2.854,60.500,602.686,267.827,0,1.689,1.689,None
(ID48054 : ID48076),27,48054,48076,3.792,61.500,602.055,268.561,0,1.947,1.947,None
(ID48076 : ID48098),27,48076,48098,4.519,62.500,600.052,268.785,0,2.126,2.126,None
(ID48098 : ID48123),27,48098,48123,0.133,63.500,599.136,269.191,0,0.365,0.365,None
(ID48123 : ID48146),27,48123,48146,3.751,64.500,598.585,270.038,0,1.937,1.937,None
(ID48146 : ID48171),27,48146,48171,3.033,65.500,598.067,271.601,0,1.741,1.741,None
(ID48171 : ID48195),27,48171,48195,13.273,66.500,596.393,272.389,0,3.643,3.643,None
(ID48195 : ID48222),27,48195,48222,4.370,67.500,595.533,272.733,0,2.090,2.090,None
(ID48222 : ID48245),27,48222,48245,3.350,68.500,596.648,274.048,0,1.830,1.830,None
(ID48245 : ID48268),27,48245,48268,4.949,69.500,597.411,275.881,0,2.225,2.225,None
(ID48268 : ID48292),27,48268,48292,27.752,70.500,596.176,278.694,0,5.268,5.268,None
(ID48292 : ID48315),27,48292,48315,216.168,71.500,594.605,287.922,0,14.703,14.703,None
(ID46929 : ID46951),28,46929,46951,17.690,7.500,213.233,642.030,0,4.206,4.206,None
(ID46951 : ID46991),28,46951,46991,30.218,8.500,209.752,642.333,0,5.497,5.497,None
(ID46991 : ID46971),28,46991,46971,314.892,9.500,198.881,638.470,0,17.745,17.745,None
(ID46971 : ID47011),28,46971,47011,282.077,10.500,182.293,633.668,0,16.795,16.795,None
(ID47011 : ID47032),28,47011,47032,141.881,11.500,168.998,628.454,0,11.911,11.911,None
(ID47032 : ID47051),28,47032,47051,2.166,12.500,163.244,626.169,0,1.472,1.472,None
(ID47051 : ID47072),28,47051,47072,5.127,13.500,163.861,626.562,0,2.264,2.264,None
(ID47072 : ID47092),28,47072,47092,377.949,14.500,173.154,631.689,0,19.441,19.441,None
(ID47092 : ID47110),28,47092,47110,204.397,15.500,175.091,633.458,0,14.297,14.297,None
(ID47110 : ID47130),28,47110,47130,228.265,16.500,175.443,633.659,0,15.108,15.108,None
(ID47130 : ID47152),28,47130,47152,134.822,17.500,186.371,641.212,0,11.611,11.611,None
(ID47152 : ID47172),28,47152,47172,58.644,18.500,187.559,642.895,0,7.658,7.658,None
(ID47172 : ID47231),28,47172,47231,476.226,20.500,174.826,635.500,0,7.274,21.823,None
(ID47231 : ID47257),28,47231,47257,0.625,22.500,165.020,630.601,0,0.791,0.791,None
(ID47257 : ID47277),28,47257,47277,94.265,23.500,160.664,628.374,0,9.709,9.709,None
(ID47277 : ID47316),28,47277,47316,399.408,24.500,149.378,618.848,0,19.985,19.985,None
(ID47316 : ID47297),28,47316,47297,152.214,25.500,138.174,607.219,0,12.338,12.338,None
(ID47297 : ID47338),28,47297,47338,198.374,26.500,129.622,597.150,0,14.085,14.085,None
(ID47338 : ID47385),28,47338,47385,0.776,27.500,124.876,592.107,0,0.881,0.881,None
(ID47385 : ID47362),28,47385,47362,40.496,28.500,121.923,590.814,0,6.364,6.364,None
(ID47362 : ID47425),28,47362,47425,43.318,29.500,121.674,591.332,0,6.582,6.582,None
(ID47232 : ID47256),36,47232,47256,52.361,22.500,162.014,628.651,0,7.236,7.236,None
(ID47256 : ID47276),36,47256,47276,78.504,23.500,155.116,624.538,0,8.860,8.860,None
(ID47276 : ID47317),36,47276,47317,188.722,24.500,146.836,616.962,0,13.738,13.738,None
(ID47317 : ID47386),36,47317,47386,474.238,26.500,135.006,603.719,0,7.259,21.777,None
(ID47386 : ID47363),36,47386,47363,1.038,28.500,127.771,596.073,0,1.019,1.019,None
(ID47363 : ID47426),36,47363,47426,1.450,29.500,128.069,597.092,0,1.204,1.204,None
(ID47426 : ID47405),36,47426,47405,50.190,30.500,130.506,600.442,0,7.085,7.085,None
(ID47405 : ID47466),36,47405,47466,14.782,31.500,132.926,605.181,0,3.845,3.845,None
(ID47466 : ID47446),36,47466,47446,36.716,32.500,134.722,609.716,0,6.059,6.059,None
(ID47446 : ID47484),36,47446,47484,13.887,33.500,137.363,613.820,0,3.727,3.727,None
(ID47484 : ID47504),36,47484,47504,124.440,34.500,133.803,612.298,0,11.155,11.155,None
(ID47504 : ID47527),36,47504,47527,33.714,35.500,126.768,607.572,0,5.806,5.806,None
(ID47527 : ID47547),36,47527,47547,228.340,36.500,119.215,600.378,0,15.111,15.111,None
(ID47547 : ID47569),36,47547,47569,270.714,37.500,107.551,589.799,0,16.453,16.453,None
(ID47569 : ID47588),36,47569,47588,24.221,38.500,99.030,583.369,0,4.922,4.922,None
(ID47588 : ID47609),36,47588,47609,163.136,39.500,101.152,586.866,0,12.772,12.772,None
(ID47609 : ID47632),36,47609,47632,101.501,40.500,108.342,595.730,0,10.075,10.075,None
(ID47632 : ID47654),36,47632,47654,521.291,41.500,118.870,608.357,0,22.832,22.832,None
(ID47654 : ID47677),36,47654,47677,1.763,42.500,125.974,617.424,0,1.328,1.328,None
(ID47677 : ID47718),36,47677,47718,0.917,43.500,125.943,617.672,0,0.958,0.958,None
(ID47718 : ID47697),36,47718,47697,97.112,44.500,123.062,613.753,0,9.855,9.855,None
(ID47372 : ID47348),41,47372,47348,110.181,28.500,559.419,187.285,0,10.497,10.497,None
(ID47348 : ID47475),41,47348,47475,74.466,31.500,559.204,196.461,0,1.726,8.629,None
(ID47475 : ID47493),41,47475,47493,5.984,34.500,560.258,201.802,0,2.446,2.446,None
(ID47493 : ID47513),41,47493,47513,3.691,35.500,560.362,203.926,0,1.921,1.921,None
(ID47513 : ID47534),41,47513,47534,4.046,36.500,561.423,204.196,0,2.011,2.011,None
(ID47534 : ID47556),41,47534,47556,0.793,37.500,562.640,203.551,0,0.890,0.890,None
(ID47556 : ID47576),41,47556,47576,7.107,38.500,564.288,204.124,0,2.666,2.666,None
(ID47576 : ID47596),41,47576,47596,0.819,39.500,565.583,205.140,0,0.905,0.905,None
(ID47596 : ID47616),41,47596,47616,0.500,40.500,565.945,205.811,0,0.707,0.707,None
(ID47616 : ID47641),41,47616,47641,0.484,41.500,566.078,206.358,0,0.696,0.696,None
(ID47641 : ID47662),41,47641,47662,2.663,42.500,566.102,207.478,0,1.632,1.632,None
(ID47662 : ID47704),41,47662,47704,9.773,43.500,564.743,207.917,0,3.126,3.126,None
(ID47704 : ID47684),41,47704,47684,3.530,44.500,562.375,207.148,0,1.879,1.879,None
(ID47684 : ID47727),41,47684,47727,0.945,45.500,561.309,206.307,0,0.972,0.972,None
(ID47727 : ID47747),41,47727,47747,0.737,46.500,561.467,206.076,0,0.858,0.858,None
(ID47747 : ID47787),41,47747,47787,0.946,47.500,561.490,206.611,0,0.973,0.973,None
(ID47787 : ID47767),41,47787,47767,0.175,48.500,560.989,207.094,0,0.419,0.419,None
(ID47767 : ID47809),41,47767,47809,0.440,49.500,560.512,207.245,0,0.663,0.663,None
(ID47809 : ID47831),41,47809,47831,0.618,50.500,560.574,207.244,0,0.786,0.786,None
(ID47831 : ID47896),41,47831,47896,2.904,51.500,560.182,207.575,0,1.704,1.704,None
(ID47896 : ID47874),41,47896,47874,0.552,52.500,559.070,207.732,0,0.743,0.743,None
(ID47874 : ID47853),41,47874,47853,0.063,53.500,558.771,207.680,0,0.252,0.252,None
(ID47853 : ID47921),41,47853,47921,0.141,54.500,558.613,207.814,0,0.376,0.376,None
(ID47921 : ID47944),41,47921,47944,1.187,55.500,558.969,207.785,0,1.090,1.090,None
(ID47944 : ID47966),41,47944,47966,3.439,56.500,558.960,208.489,0,1.855,1.855,None
(ID47966 : ID47993),41,47966,47993,0.229,57.500,558.421,208.995,0,0.478,0.478,None
(ID47993 : ID48011),41,47993,48011,1.137,58.500,558.943,208.601,0,1.066,1.066,None
(ID48011 : ID48032),41,48011,48032,1.658,59.500,558.990,208.893,0,1.288,1.288,None
(ID48032 : ID48053),41,48032,48053,1.296,60.500,558.182,208.887,0,1.139,1.139,None
(ID48053 : ID48075),41,48053,48075,0.677,61.500,557.582,208.112,0,0.823,0.823,None
(ID48075 : ID48096),41,48075,48096,1.295,62.500,557.178,208.339,0,1.138,1.138,None
(ID48096 : ID48121),41,48096,48121,1.457,63.500,556.989,208.286,0,1.207,1.207,None
(ID48121 : ID48144),41,48121,48144,1.865,64.500,556.387,207.294,0,1.366,1.366,None
(ID48144 : ID48168),41,48144,48168,0.223,65.500,555.614,207.007,0,0.472,0.472,None
(ID48168 : ID48193),41,48168,48193,1.488,66.500,554.904,206.756,0,1.220,1.220,None
(ID48193 : ID48220),41,48193,48220,0.571,67.500,554.537,206.757,0,0.755,0.755,None
(ID48220 : ID48242),41,48220,48242,0.393,68.500,554.555,207.405,0,0.627,0.627,None
(ID48242 : ID48266),41,48242,48266,1.689,69.500,554.936,207.274,0,1.300,1.300,None
(ID48266 : ID48289),41,48266,48289,0.542,70.500,555.554,206.503,0,0.736,0.736,None
(ID48289 : ID48312),41,48289,48312,1.472,71.500,555.152,206.456,0,1.213,1.213,None
(ID48312 : ID48337),41,48312,48337,0.166,72.500,554.710,206.939,0,0.407,0.407,None
(ID48337 : ID48361),41,48337,48361,6.061,73.500,554.656,208.346,0,2.462,2.462,None
(ID48361 : ID48385),41,48361,48385,1.716,74.500,554.580,208.918,0,1.310,1.310,None
(ID48385 : ID48409),41,48385,48409,1.423,75.500,555.241,208.268,0,1.193,1.193,None
(ID48409 : ID48430),41,48409,48430,2.134,76.500,555.244,208.696,0,1.461,1.461,None
(ID48430 : ID48453),41,48430,48453,4.785,77.500,554.645,208.027,0,2.187,2.187,None
(ID48453 : ID48476),41,48453,48476,3.439,78.500,553.713,206.922,0,1.854,1.854,None
(ID48476 : ID48497),41,48476,48497,3.699,79.500,552.875,207.868,0,1.923,1.923,None
(ID48497 : ID48521),41,48497,48521,0.623,80.500,553.143,208.474,0,0.790,0.790,None
(ID48521 : ID48544),41,48521,48544,3.299,81.500,553.359,209.030,0,1.816,1.816,None
(ID48544 : ID48573),41,48544,48573,1.880,82.500,553.407,209.252,0,1.371,1.371,None
(ID48573 : ID48597),41,48573,48597,0.573,83.500,553.760,208.727,0,0.757,0.757,None
(ID48597 : ID48620),41,48597,48620,2.047,84.500,553.498,208.505,0,1.431,1.431,None
(ID48620 : ID48642),41,48620,48642,0.657,85.500,553.224,208.357,0,0.810,0.810,None
(ID48642 : ID48666),41,48642,48666,0.870,86.500,553.091,208.541,0,0.933,0.933,None
(ID48666 : ID48691),41,48666,48691,0.581,87.500,552.937,208.712,0,0.762,0.762,None
(ID48691 : ID48716),41,48691,48716,2.948,88.500,552.561,208.417,0,1.717,1.717,None
(ID48716 : ID48739),41,48716,48739,0.106,89.500,551.997,207.792,0,0.325,0.325,None
(ID48739 : ID48786),41,48739,48786,7.230,91.000,552.120,206.339,0,1.344,2.689,None
(ID48786 : ID48808),41,48786,48808,0.989,92.500,552.580,204.801,0,0.994,0.994,None
(ID48808 : ID48833),41,48808,48833,2.474,93.500,553.386,205.311,0,1.573,1.573,None
(ID48833 : ID48860),41,48833,48860,3.456,94.500,553.390,205.153,0,1.859,1.859,None
(ID48860 : ID48886),41,48860,48886,0.424,95.500,552.861,204.021,0,0.651,0.651,None
(ID47589 : ID47610),50,47589,47610,2.201,40.500,289.765,21.045,0,1.484,1.484,None
(ID47610 : ID47633),50,47610,47633,3.306,41.500,288.843,19.842,0,1.818,1.818,None
(ID47633 : ID47655),50,47633,47655,3.265,42.500,288.449,18.077,0,1.807,1.807,None
(ID47655 : ID47698),50,47655,47698,1.081,43.500,287.940,16.822,0,1.040,1.040,None
(ID47698 : ID47679),50,47698,47679,0.095,44.500,287.423,16.403,0,0.308,0.308,None
(ID47679 : ID47720),50,47679,47720,11.533,45.500,286.087,15.137,0,3.396,3.396,None
(ID47720 : ID47741),50,47720,47741,2.895,46.500,284.415,13.226,0,1.702,1.702,None
(ID47741 : ID47781),50,47741,47781,15.474,47.500,283.746,10.564,0,3.934,3.934,None
(ID47781 : ID47761),50,47781,47761,13.429,48.500,282.396,7.185,0,3.665,3.665,None
(ID47761 : ID47803),50,47761,47803,10.545,49.500,280.675,7.286,0,3.247,3.247,None
(ID47803 : ID47824),50,47803,47824,2.389,50.500,279.363,9.007,0,1.546,1.546,None
(ID47824 : ID47889),50,47824,47889,2.102,51.500,278.700,8.485,0,1.450,1.450,None
(ID47889 : ID47868),50,47889,47868,76.018,52.500,280.767,3.882,0,8.719,8.719,None
(ID47868 : ID47845),50,47868,47845,0.422,53.500,282.425,0.000,0,0.650,0.650,None
(ID47845 : ID47912),50,47845,47912,0.000,54.500,282.100,0.000,0,0.000,0.000,None
(ID47912 : ID47936),50,47912,47936,1.690,55.500,282.750,0.000,0,1.300,1.300,None
(ID47936 : ID47957),50,47936,47957,0.000,56.500,283.400,0.000,0,0.000,0.000,None
(ID47957 : ID47984),50,47957,47984,3.802,57.500,284.375,0.000,0,1.950,1.950,None
(ID47984 : ID48005),50,47984,48005,1.690,58.500,284.700,0.000,0,1.300,1.300,None
(ID48005 : ID48025),50,48005,48025,1.690,59.500,284.700,0.000,0,1.300,1.300,None
(ID48025 : ID48045),50,48025,48045,1.690,60.500,284.700,0.000,0,1.300,1.300,None
(ID48045 : ID48067),50,48045,48067,1.690,61.500,284.700,0.000,0,1.300,1.300,None
(ID47740 : ID47759),57,47740,47759,40.898,46.500,98.308,590.752,0,6.395,6.395,None
(ID47759 : ID47800),57,47759,47800,1.336,47.500,95.843,588.269,0,1.156,1.156,None
(ID47800 : ID47886),57,47800,47886,46.303,50.500,97.400,590.772,0,1.361,6.805,None
(ID47886 : ID47866),57,47886,47866,2.481,53.500,98.682,594.611,0,1.575,1.575,None
(ID47866 : ID47934),57,47866,47934,84.659,54.500,102.031,598.333,0,9.201,9.201,None
(ID47934 : ID47956),57,47934,47956,184.138,55.500,110.066,606.357,0,13.570,13.570,None
(ID47956 : ID47983),57,47956,47983,0.002,56.500,114.595,611.436,0,0.044,0.044,None
(ID47983 : ID48004),57,47983,48004,0.697,57.500,114.391,611.092,0,0.835,0.835,None
(ID48004 : ID48024),57,48004,48024,1.058,58.500,113.672,610.598,0,1.029,1.029,None
(ID48024 : ID48044),57,48024,48044,17.413,59.500,111.445,609.293,0,4.173,4.173,None
(ID48044 : ID48066),57,48044,48066,2.959,60.500,109.000,607.650,0,1.720,1.720,None
(ID48066 : ID48113),57,48066,48113,109.310,62.000,112.409,610.383,0,5.228,10.455,None
(ID48113 : ID48137),57,48113,48137,53.877,63.500,114.867,610.327,0,7.340,7.340,None
(ID48137 : ID48159),57,48137,48159,7.200,64.500,112.366,606.008,0,2.683,2.683,None
(ID48159 : ID48183),57,48159,48183,5.908,65.500,112.701,605.281,0,2.431,2.431,None
(ID48183 : ID48208),57,48183,48208,4.194,66.500,114.283,606.541,0,2.048,2.048,None
(ID48208 : ID48231),57,48208,48231,3.936,67.500,114.964,608.434,0,1.984,1.984,None
(ID48231 : ID48256),57,48231,48256,1.060,68.500,115.407,608.904,0,1.030,1.030,None
(ID48256 : ID48278),57,48256,48278,0.322,69.500,115.481,608.154,0,0.568,0.568,None
(ID48278 : ID48302),57,48278,48302,9.587,70.500,115.571,609.425,0,3.096,3.096,None
(ID48302 : ID48328),57,48302,48328,63.166,71.500,117.317,614.618,0,7.948,7.948,None
(ID48328 : ID48351),57,48328,48351,37.527,72.500,118.630,621.328,0,6.126,6.126,None
(ID48351 : ID48375),57,48351,48375,214.939,73.500,117.067,617.171,0,14.661,14.661,None
(ID48375 : ID48398),57,48375,48398,169.718,74.500,116.150,603.460,0,13.028,13.028,None
(ID48398 : ID48420),57,48398,48420,3.769,75.500,117.094,596.151,0,1.941,1.941,None
(ID48420 : ID48443),57,48420,48443,252.448,76.500,119.510,603.063,0,15.889,15.889,None
(ID48443 : ID48467),57,48443,48467,202.114,77.500,120.895,617.874,0,14.217,14.217,None
(ID48467 : ID48489),57,48467,48489,109.955,78.500,120.051,630.197,0,10.486,10.486,None
(ID48489 : ID48513),57,48489,48513,15.925,79.500,120.304,633.527,0,3.991,3.991,None
(ID48513 : ID48535),57,48513,48535,256.388,80.500,119.948,623.677,0,16.012,16.012,None
(ID48535 : ID48556),57,48535,48556,471.550,81.500,117.668,604.952,0,21.715,21.715,None
(ID48556 : ID48587),57,48556,48587,203.624,82.500,118.523,600.971,0,14.270,14.270,None
(ID48587 : ID48610),57,48587,48610,290.683,83.500,120.244,599.254,0,17.049,17.049,None
(ID48610 : ID48631),57,48610,48631,285.664,84.500,122.164,582.630,0,16.902,16.902,None
(ID48631 : ID48655),57,48631,48655,13.124,85.500,126.173,573.741,0,3.623,3.623,None
(ID48655 : ID48679),57,48655,48679,38.474,86.500,130.126,570.903,0,6.203,6.203,None
(ID48679 : ID48705),57,48679,48705,1.578,87.500,132.224,569.430,0,1.256,1.256,None
(ID48705 : ID48728),57,48705,48728,4.729,88.500,132.758,570.804,0,2.175,2.175,None
(ID48728 : ID48754),57,48728,48754,224.593,89.500,132.081,578.944,0,14.986,14.986,None
(ID48754 : ID48775),57,48754,48775,112.770,90.500,132.203,581.221,0,10.619,10.619,None
(ID48775 : ID48798),57,48775,48798,113.762,91.500,135.960,571.288,0,10.666,10.666,None
(ID48798 : ID48822),57,48798,48822,9.188,92.500,138.992,565.162,0,3.031,3.031,None
(ID48822 : ID48847),57,48822,48847,13.487,93.500,140.507,565.593,0,3.672,3.672,None
(ID48847 : ID48873),57,48847,48873,58.551,94.500,139.497,570.722,0,7.652,7.652,None
(ID48873 : ID48899),57,48873,48899,350.255,95.500,144.403,567.523,0,18.715,18.715,None
(ID47971 : ID47997),66,47971,47997,7.577,57.500,469.890,292.704,0,2.753,2.753,None
(ID47997 : ID48016),66,47997,48016,39.964,58.500,471.479,296.663,0,6.322,6.322,None
(ID48016 : ID48036),66,48016,48036,2.654,59.500,473.989,299.660,0,1.629,1.629,None
(ID48036 : ID48058),66,48036,48058,48.368,60.500,475.650,303.403,0,6.955,6.955,None
(ID48058 : ID48081),66,48058,48081,2.743,61.500,476.678,307.572,0,1.656,1.656,None
(ID48081 : ID48104),66,48081,48104,154.014,62.500,479.853,313.773,0,12.410,12.410,None
(ID48104 : ID48176),66,48104,48176,53.630,64.500,480.303,316.620,0,2.441,7.323,None
(ID48176 : ID48199),66,48176,48199,17.853,66.500,476.204,312.555,0,4.225,4.225,None
(ID48199 : ID48224),66,48199,48224,7.483,67.500,474.455,312.355,0,2.736,2.736,None
(ID48224 : ID48248),66,48224,48248,47.501,68.500,471.849,311.133,0,6.892,6.892,None
(ID48248 : ID48317),66,48248,48317,71.850,70.500,472.292,311.798,0,2.825,8.476,None
(ID48317 : ID48342),66,48317,48342,23.204,72.500,473.269,313.393,0,4.817,4.817,None
(ID48342 : ID48435),66,48342,48435,175.542,75.000,474.991,317.392,0,3.312,13.249,None
(ID48435 : ID48459),66,48435,48459,30.280,77.500,480.366,325.030,0,5.503,5.503,None
(ID48459 : ID48482),66,48459,48482,97.582,78.500,484.207,331.573,0,9.878,9.878,None
(ID48482 : ID48504),66,48482,48504,74.417,79.500,488.623,339.653,0,8.627,8.627,None
(ID48504 : ID48526),66,48504,48526,18.718,80.500,489.798,341.456,0,4.326,4.326,None
(ID48526 : ID48549),66,48526,48549,61.221,81.500,485.335,337.438,0,7.824,7.824,None
(ID48549 : ID48577),66,48549,48577,13.431,82.500,481.152,333.628,0,3.665,3.665,None
(ID48577 : ID48601),66,48577,48601,28.557,83.500,478.186,330.284,0,5.344,5.344,None
(ID48601 : ID48625),66,48601,48625,39.565,84.500,476.955,331.534,0,6.290,6.290,None
(ID48625 : ID48648),66,48625,48648,39.456,85.500,480.168,336.524,0,6.281,6.281,None
(ID48648 : ID48673),66,48648,48673,103.297,86.500,486.523,341.739,0,10.164,10.164,None
(ID48673 : ID48699),66,48673,48699,45.689,87.500,492.468,347.697,0,6.759,6.759,None
(ID48699 : ID48723),66,48699,48723,56.632,88.500,492.397,347.274,0,7.525,7.525,None
(ID48723 : ID48747),66,48723,48747,4.144,89.500,491.157,344.662,0,2.036,2.036,None
(ID48097 : ID48122),73,48097,48122,0.392,63.500,575.665,268.894,0,0.626,0.626,None
(ID48122 : ID48145),73,48122,48145,5.845,64.500,577.103,269.215,0,2.418,2.418,None
(ID48145 : ID48169),73,48145,48169,10.794,65.500,576.667,269.420,0,3.285,3.285,None
(ID48169 : ID48244),73,48169,48244,6.493,67.500,575.776,270.541,0,0.849,2.548,None
(ID48244 : ID48269),73,48244,48269,297.779,69.500,584.485,274.902,0,17.256,17.256,None
(ID48269 : ID48291),73,48269,48291,41.705,70.500,589.439,279.414,0,6.458,6.458,None
(ID48291 : ID48314),73,48291,48314,63.529,71.500,588.841,283.772,0,7.971,7.971,None
(ID48314 : ID48339),73,48314,48339,17.499,72.500,591.669,288.997,0,4.183,4.183,None
(ID48339 : ID48364),73,48339,48364,1.031,73.500,592.572,291.209,0,1.015,1.015,None
(ID48364 : ID48387),73,48364,48387,3.162,74.500,593.552,290.636,0,1.778,1.778,None
(ID48387 : ID48411),73,48387,48411,0.279,75.500,594.255,289.732,0,0.529,0.529,None
(ID48411 : ID48432),73,48411,48432,5.641,76.500,594.834,290.691,0,2.375,2.375,None
(ID48432 : ID48455),73,48432,48455,0.923,77.500,595.665,291.969,0,0.961,0.961,None
(ID48455 : ID48478),73,48455,48478,2.249,78.500,595.405,292.343,0,1.500,1.500,None
(ID48478 : ID48500),73,48478,48500,5.377,79.500,593.594,292.947,0,2.319,2.319,None
(ID48500 : ID48523),73,48500,48523,0.253,80.500,592.249,293.352,0,0.503,0.503,None
(ID48523 : ID48546),73,48523,48546,0.483,81.500,591.706,293.189,0,0.695,0.695,None
(ID48546 : ID48575),73,48546,48575,4.411,82.500,590.365,292.936,0,2.100,2.100,None
(ID48575 : ID48599),73,48575,48599,3.094,83.500,588.444,292.979,0,1.759,1.759,None
(ID48599 : ID48622),73,48599,48622,11.429,84.500,587.290,294.753,0,3.381,3.381,None
(ID48622 : ID48644),73,48622,48644,12.774,85.500,586.007,294.941,0,3.574,3.574,None
(ID48644 : ID48669),73,48644,48669,14.407,86.500,583.518,292.281,0,3.796,3.796,None
(ID48669 : ID48695),73,48669,48695,0.855,87.500,582.047,290.638,0,0.925,0.925,None
(ID48105 : ID48127),74,48105,48127,5.388,63.500,484.118,322.253,0,2.321,2.321,None
(ID48127 : ID48150),74,48127,48150,16.945,64.500,483.696,321.369,0,4.116,4.116,None
(ID48150 : ID48177),74,48150,48177,37.254,65.500,480.859,317.648,0,6.104,6.104,None
(ID48177 : ID48201),74,48177,48201,51.873,66.500,479.763,319.262,0,7.202,7.202,None
(ID48201 : ID48226),74,48201,48226,110.257,67.500,483.843,327.102,0,10.500,10.500,None
(ID48226 : ID48249),74,48226,48249,16.756,68.500,485.796,329.715,0,4.093,4.093,None
(ID48249 : ID48272),74,48249,48272,61.824,69.500,482.361,324.982,0,7.863,7.863,None
(ID48272 : ID48294),74,48272,48294,16.189,70.500,480.710,323.860,0,4.024,4.024,None
(ID48294 : ID48319),74,48294,48319,103.770,71.500,478.995,321.300,0,10.187,10.187,None
(ID48319 : ID48343),74,48319,48343,8.188,72.500,476.261,318.488,0,2.862,2.862,None
(ID48343 : ID48366),74,48343,48366,125.333,73.500,479.374,324.626,0,11.195,11.195,None
(ID48366 : ID48389),74,48366,48389,149.000,74.500,485.924,334.318,0,12.207,12.207,None
(ID48389 : ID48414),74,48389,48414,6.901,75.500,489.037,338.053,0,2.627,2.627,None
(ID48414 : ID48436),74,48414,48436,3.667,76.500,488.587,335.850,0,1.915,1.915,None
(ID48436 : ID48460),74,48436,48460,4.580,77.500,488.509,335.962,0,2.140,2.140,None
(ID48460 : ID48483),74,48460,48483,246.687,78.500,492.742,343.619,0,15.706,15.706,None
(ID48483 : ID48505),74,48483,48505,11.900,79.500,498.212,351.449,0,3.450,3.450,None
(ID48505 : ID48527),74,48505,48527,15.164,80.500,501.288,353.198,0,3.894,3.894,None
(ID48527 : ID48550),74,48527,48550,72.910,81.500,499.070,352.507,0,8.539,8.539,None
(ID48550 : ID48579),74,48550,48579,77.006,82.500,491.637,348.459,0,8.775,8.775,None
(ID48579 : ID48603),74,48579,48603,8.160,83.500,487.563,344.385,0,2.857,2.857,None
