Label,ID,TRACK_ID,QUALITY,POSITION_X,POSITION_Y,POSITION_Z,POSITION_T,FRAME,RADIUS,VISIBILITY,MANUAL_COLOR,MEAN_INTENSITY,MEDIAN_INTENSITY,MIN_INTENSITY,MAX_INTENSITY,TOTAL_INTENSITY,STANDARD_DEVIATION,ESTIMATED_DIAMETER,CONTRAST,SNR
ID6453,6453,7,3.367,362.016,262.417,0,0,0,7,1,-10921639,238.668,255,113,255,98570,28.963,11.377,0.296,3.768
ID6437,6437,7,3.444,362.503,263.388,0,1,1,7,1,-10921639,231.709,255,96,255,95696,36.965,11.334,0.307,2.946
ID6468,6468,7,3.312,364.302,262.871,0,2,2,7,1,-10921639,235.763,255,96,255,97370,32.074,15.632,0.292,3.319
ID6424,6424,7,3.200,362.955,262.950,0,3,3,7,1,-10921639,242.615,255,150,255,100200,22.094,15.670,0.277,4.770
ID6497,6497,7,3.190,364.172,263.114,0,4,4,7,1,-10921639,236.913,255,137,255,97845,29.806,15.524,0.274,3.424
ID6482,6482,7,3.253,364.749,261.583,0,5,5,7,1,-10921639,231.947,255,108,255,95794,35.062,15.561,0.285,2.931
ID6528,6528,7,3.198,363.599,262.372,0,6,6,7,1,-10921639,239.857,255,138,255,99061,25.515,15.575,0.276,4.069
ID6512,6512,7,3.235,364.366,264.193,0,7,7,7,1,-10921639,230.956,255,121,255,95385,34.199,19.022,0.286,3.002
ID6542,6542,7,3.222,363.442,264.724,0,8,8,7,1,-10921639,234.760,255,126,255,96956,30.340,15.585,0.281,3.394
ID6561,6561,7,3.123,362.920,266.261,0,9,9,7,1,-10921639,241.269,255,162,255,99644,22.466,22.159,0.270,4.563
ID6577,6577,7,3.172,365.276,264.078,0,10,10,7,1,-10921639,232.964,255,142,255,96214,30.362,25.211,0.275,3.310
ID6593,6593,7,3.075,365.044,263.774,0,11,11,7,1,-10921639,233.448,255,141,255,96414,30.912,18.780,0.257,3.089
ID6611,6611,7,3.453,366.575,264.234,0,12,12,7,1,-10921639,233.985,255,129,255,96636,33.595,15.495,0.311,3.302
ID6648,6648,7,3.354,365.560,264.067,0,13,13,7,1,-10921639,229.324,255,104,255,94711,35.868,18.472,0.305,2.990
ID6630,6630,7,3.472,365.882,264.681,0,14,14,7,1,-10921639,231.448,255,118,255,95588,36.858,18.687,0.313,2.991
ID6665,6665,7,3.321,365.582,265.045,0,15,15,7,1,-10921639,236.269,255,115,255,97579,30.494,18.622,0.294,3.522
ID6682,6682,7,3.482,365.506,264.804,0,16,16,7,1,-10921639,229.160,255,95,255,94643,38.668,18.480,0.316,2.846
ID6700,6700,7,3.634,366.899,263.660,0,17,17,7,1,-10921639,228.901,255,87,255,94536,38.736,11.356,0.340,2.996
ID6716,6716,7,3.729,367.587,264.231,0,18,18,7,1,-10921639,221.131,255,65,255,91327,51.205,11.300,0.353,2.252
ID6731,6731,7,3.611,365.709,266.102,0,19,19,7,1,-10921639,222.695,255,39,255,91973,48.354,11.299,0.333,2.303
ID6747,6747,7,3.683,367.640,264.363,0,20,20,7,1,-10921639,223.174,255,70,255,92171,46.798,11.321,0.350,2.471
ID6779,6779,7,3.811,366.138,264.984,0,21,21,7,1,-10921639,230.068,255,84,255,95018,40.562,15.365,0.366,3.038
ID6762,6762,7,3.611,367.050,264.977,0,22,22,7,1,-10921639,223.358,255,69,255,92247,47.425,11.283,0.335,2.362
ID6796,6796,7,3.748,367.310,265.101,0,23,23,7,1,-10921639,228.303,255,59,255,94289,44.486,11.325,0.354,2.683
ID6815,6815,7,3.856,365.915,264.674,0,24,24,7,1,-10921639,225.252,255,58,255,93029,46.537,11.305,0.371,2.622
ID6832,6832,7,3.681,367.015,264.390,0,25,25,7,1,-10921639,224.581,255,63,255,92752,45.534,11.326,0.347,2.540
ID6850,6850,7,3.797,365.295,264.964,0,26,26,7,1,-10921639,236.966,255,103,255,97867,34.416,15.397,0.361,3.651
ID6869,6869,7,3.599,366.469,264.714,0,27,27,7,1,-10921639,225.184,255,83,255,93001,42.467,15.456,0.341,2.700
ID6887,6887,7,3.840,366.224,263.718,0,28,28,7,1,-10921639,232.978,255,105,255,96220,37.462,15.574,0.368,3.349
ID6906,6906,7,3.643,365.732,264.256,0,29,29,7,1,-10921639,233.673,255,126,255,96507,35.991,18.345,0.338,3.282
ID6924,6924,7,3.667,365.824,264.684,0,30,30,7,1,-10921639,229.291,255,80,255,94697,41.712,18.356,0.342,2.799
ID6941,6941,7,3.543,365.879,264.859,0,31,31,7,1,-10921639,224.743,255,86,255,92819,43.598,15.484,0.327,2.543
ID6958,6958,7,3.584,366.488,265.368,0,32,32,7,1,-10921639,228.755,255,84,255,94476,40.975,15.552,0.334,2.795
ID6975,6975,7,3.552,365.736,265.357,0,33,33,7,1,-10921639,231.499,255,98,255,95609,38.951,15.586,0.325,2.913
ID6991,6991,7,3.438,364.914,266.283,0,34,34,7,1,-10921639,237.605,255,110,255,98131,33.004,19.190,0.310,3.412
ID7008,7008,7,3.590,365.824,264.876,0,35,35,7,1,-10921639,230.554,255,114,255,95219,38.552,18.366,0.332,2.984
ID7025,7025,7,3.469,364.522,266.657,0,36,36,7,1,-10921639,235.346,255,106,255,97198,35.273,18.475,0.311,3.168
ID7057,7057,7,3.494,366.063,265.499,0,37,37,7,1,-10921639,226.625,255,84,255,93596,42.934,18.788,0.320,2.558
ID7041,7041,7,3.516,365.560,266.284,0,38,38,7,1,-10921639,236.484,255,101,255,97668,34.227,15.550,0.318,3.333
ID7074,7074,7,3.360,365.386,265.802,0,39,39,7,1,-10921639,232.247,255,100,255,95918,37.056,18.456,0.297,2.870
ID7091,7091,7,3.548,365.433,265.374,0,40,40,7,1,-10921639,229.177,255,70,255,94650,42.623,11.332,0.323,2.625
ID7108,7108,7,3.459,365.258,266.996,0,41,41,7,1,-10921639,235.462,255,114,255,97246,33.368,15.472,0.310,3.343
ID7127,7127,7,3.403,365.632,266.700,0,42,42,7,1,-10921639,229.857,255,102,255,94931,40.055,15.491,0.303,2.671
ID7144,7144,7,3.437,365.715,266.159,0,43,43,7,1,-10921639,226.034,255,96,255,93352,43.793,18.568,0.311,2.452
ID7161,7161,7,3.323,366.232,266.846,0,44,44,7,1,-10921639,235.770,255,109,255,97373,33.638,25.438,0.291,3.164
ID7177,7177,7,3.442,365.931,267.497,0,45,45,7,1,-10921639,240.712,255,135,255,99414,27.930,25.634,0.310,4.076
ID7195,7195,7,3.410,367.052,266.139,0,46,46,7,1,-10921639,235.092,255,108,255,97093,35.578,25.313,0.304,3.079
ID7211,7211,7,3.674,365.971,267.749,0,47,47,7,1,-10921639,236.061,255,120,255,97493,35.669,18.406,0.343,3.377
ID7227,7227,7,3.638,367.290,268.586,0,48,48,7,1,-10921639,236.622,255,111,255,97725,36.003,15.379,0.336,3.305
ID7242,7242,7,3.549,366.106,269.086,0,49,49,7,1,-10921639,233.269,255,102,255,96340,37.827,11.322,0.322,3.003
ID7262,7262,7,3.597,367.958,267.580,0,50,50,7,1,-10921639,236.906,255,112,255,97842,34.913,18.624,0.333,3.392
ID7282,7282,7,3.618,366.878,267.091,0,51,51,7,1,-10921639,239.751,255,115,255,99017,31.551,15.569,0.336,3.819
ID7300,7300,7,3.912,366.901,266.600,0,52,52,7,1,-10921639,238.339,255,78,255,98434,35.918,15.475,0.378,3.643
ID7315,7315,7,3.489,366.280,267.087,0,53,53,7,1,-10921639,235.511,255,119,255,97266,35.252,18.600,0.318,3.220
ID7330,7330,7,3.920,370.691,263.933,0,54,54,7,1,-10921639,241.443,255,123,255,99716,28.657,15.319,0.384,4.679
ID7346,7346,7,3.629,368.158,267.901,0,55,55,7,1,-10921639,232.073,255,97,255,95846,38.881,15.397,0.336,3.004
ID7362,7362,7,3.580,369.336,265.870,0,56,56,7,1,-10921639,236.191,255,127,255,97547,33.620,18.582,0.328,3.471
ID7379,7379,7,3.571,367.015,270.605,0,57,57,7,1,-10921639,237.632,255,117,255,98142,33.919,15.500,0.327,3.451
ID7395,7395,7,3.803,366.923,270.332,0,58,58,7,1,-10921639,240.516,255,98,255,99333,31.883,15.352,0.362,4.008
ID7413,7413,7,3.587,365.723,272.312,0,59,59,7,1,-10921639,254.746,255,230,255,105210,2.033,17.833,0.345,64.274
ID7433,7433,7,3.927,364.592,274.957,0,60,60,7,1,-10921639,247.835,255,158,255,102356,19.740,15.343,0.392,7.067
ID7451,7451,7,3.824,362.334,277.413,0,61,61,7,1,-10921639,242.484,255,135,255,100146,27.351,15.435,0.372,4.809
ID7485,7485,7,3.089,368.685,280.505,0,63,63,7,1,-10921639,245.189,255,155,255,101263,22.651,26.600,0.262,4.498
ID7502,7502,7,3.928,365.121,277.071,0,64,64,7,1,-10921639,247.685,255,153,255,102294,20.454,15.291,0.387,6.762
ID7521,7521,7,3.774,366.152,275.938,0,65,65,7,1,-10921639,240.482,255,141,255,99319,28.899,15.337,0.359,4.400
ID7539,7539,7,3.387,363.009,277.405,0,66,66,7,1,-10921639,251.801,255,190,255,103994,10.958,18.843,0.318,11.086
ID7555,7555,7,3.931,365.088,275.336,0,67,67,7,1,-10921639,252.102,255,171,255,104118,10.937,15.485,0.392,12.988
ID7572,7572,7,3.580,364.409,279.836,0,68,68,7,1,-10921639,252.969,255,198,255,104476,7.831,15.607,0.343,16.517
ID7590,7590,7,3.447,364.201,279.913,0,69,69,7,1,-10921639,243.571,255,146,255,100595,25.990,15.496,0.313,4.473
ID7607,7607,7,3.669,363.470,277.270,0,70,70,7,1,-10921639,252.276,255,173,255,104190,10.162,15.428,0.353,12.946
ID7623,7623,7,3.723,363.632,280.511,0,71,71,7,1,-10921639,236.673,255,108,255,97746,36.033,11.394,0.353,3.427
ID7641,7641,7,3.407,364.864,285.884,0,72,72,7,1,-10921639,248.470,255,170,255,102618,16.911,15.641,0.311,6.968
ID7658,7658,7,3.427,365.282,282.929,0,73,73,7,1,-10921639,243.354,255,133,255,100505,26.487,15.359,0.310,4.351
ID7673,7673,7,3.360,364.192,283.815,0,74,74,7,1,-10921639,251.068,255,180,255,103691,12.608,15.583,0.310,9.424
ID7704,7704,7,3.052,362.439,281.582,0,76,76,7,1,-10921639,249.310,255,175,255,102965,15.617,18.505,0.270,6.784
ID7720,7720,7,3.230,365.012,282.722,0,77,77,7,1,-10921639,249.407,255,179,255,103005,15.034,15.567,0.293,7.520
ID7766,7766,7,3.258,369.897,285.044,0,80,80,7,1,-10921639,242.126,255,146,255,99998,27.506,26.600,0.286,3.910
ID7781,7781,7,3.250,365.470,281.520,0,81,81,7,1,-10921639,250.755,255,184,255,103562,12.894,15.620,0.296,8.880
ID7799,7799,7,3.110,366.322,283.864,0,82,82,7,1,-10921639,245.729,255,144,255,101486,23.321,18.357,0.273,4.525
ID7817,7817,7,3.386,363.256,283.877,0,83,83,7,1,-10921639,253.443,255,200,255,104672,6.679,15.525,0.317,18.262
ID7835,7835,7,3.739,368.733,285.233,0,84,84,7,1,-10921639,249.053,255,160,255,102859,17.981,15.485,0.361,7.349
ID7867,7867,7,3.452,368.430,284.436,0,85,85,7,1,-10921639,252.714,255,189,255,104371,9.268,15.680,0.328,13.460
ID7851,7851,7,3.519,368.972,280.280,0,86,86,7,1,-10921639,236.395,255,86,255,97631,40.573,11.376,0.319,2.821
ID7883,7883,7,3.812,367.544,279.617,0,87,87,7,1,-10921639,238.169,255,42,255,98364,44.692,11.454,0.367,2.862
ID7902,7902,7,3.946,365.950,282.750,0,88,88,7,1,-10921639,244.535,255,69,255,100993,31.809,15.112,0.390,4.311
ID7921,7921,7,3.797,364.239,282.658,0,89,89,7,1,-10921639,239.985,255,141,255,99114,28.146,15.341,0.369,4.593
ID7935,7935,7,3.700,369.225,283.837,0,90,90,7,1,-10921639,238.262,255,107,255,98402,34.074,11.426,0.348,3.613
ID7950,7950,7,3.383,370.394,278.371,0,91,91,7,1,-10921639,228.308,255,35,255,94291,50.751,11.261,0.298,2.068
ID7964,7964,7,3.941,366.672,281.892,0,92,92,7,1,-10921639,240.160,255,81,255,99186,33.760,11.489,0.388,3.974
ID7993,7993,7,3.241,365.961,288.278,0,93,93,7,1,-10921639,250.201,255,165,255,103333,15.515,18.031,0.295,7.354
ID7979,7979,7,3.637,368.394,285.928,0,94,94,7,1,-10921639,246.034,255,93,255,101612,25.731,15.219,0.342,4.874
ID8006,8006,7,3.383,368.638,290.901,0,95,95,7,1,-10921639,236.511,255,64,255,97679,39.898,11.367,0.303,2.754
ID8021,8021,7,3.482,372.408,288.979,0,96,96,7,1,-10921639,238.228,255,70,255,98388,38.416,11.394,0.317,2.988
ID6455,6455,9,4.090,215.159,487.194,0,0,0,7,1,-10921639,204.276,220,53,255,84366,54.819,11.277,0.440,2.276
ID6440,6440,9,4.353,215.689,491.314,0,1,1,7,1,-10921639,208.085,226,70,255,85939,51.400,11.191,0.460,2.552
ID6470,6470,9,4.424,217.624,488.962,0,2,2,7,1,-10921639,214.240,239,75,255,88481,50.414,11.260,0.472,2.727
ID6426,6426,9,4.376,221.810,484.266,0,3,3,7,1,-10921639,216.891,241,85,255,89576,46.618,11.268,0.461,2.936
ID6500,6500,9,4.247,221.682,482.506,0,4,4,7,1,-10921639,216.240,235,94,255,89307,44.932,11.293,0.443,2.955
ID6485,6485,9,4.217,223.201,479.636,0,5,5,7,1,-10921639,226.746,255,115,255,93646,38.755,11.378,0.434,3.543
ID6531,6531,9,4.015,223.995,480.671,0,6,6,7,1,-10921639,221.114,255,86,255,91320,46.214,11.348,0.409,2.777
ID6515,6515,9,4.049,225.969,478.830,0,7,7,7,1,-10921639,221.799,254,97,255,91603,44.820,15.188,0.424,2.948
ID6545,6545,9,4.031,224.407,479.798,0,8,8,7,1,-10921639,217.920,249,86,255,90001,49.391,15.347,0.424,2.627
ID6564,6564,9,4.182,221.113,481.815,0,9,9,7,1,-10921639,206.305,229,80,255,85204,53.841,11.193,0.436,2.326
ID6581,6581,9,4.135,220.393,480.980,0,10,10,7,1,-10921639,203.053,218,92,255,83861,51.658,11.139,0.425,2.346
ID6597,6597,9,4.133,219.784,486.627,0,11,11,7,1,-10921639,204.508,219,92,255,84462,52.295,11.171,0.423,2.323
ID6616,6616,9,4.207,215.537,495.795,0,12,12,7,1,-10921639,214.637,236,103,255,88645,46.782,11.266,0.433,2.774
ID6652,6652,9,4.607,211.851,500.376,0,13,13,7,1,-10921639,228.513,255,101,255,94376,38.681,11.390,0.502,3.951
ID6634,6634,9,4.292,212.690,501.630,0,14,14,7,1,-10921639,229.245,253,121,255,94678,33.013,11.389,0.448,4.297
ID6669,6669,9,4.428,215.781,501.454,0,15,15,7,1,-10921639,226.099,255,104,255,93379,42.732,11.353,0.470,3.382
ID6687,6687,9,4.736,214.056,500.819,0,16,16,7,1,-10921639,229.061,255,105,255,94602,41.511,11.399,0.527,3.808
ID6704,6704,9,4.109,215.066,502.210,0,17,17,7,1,-10921639,212.370,247,59,255,87709,55.648,11.272,0.426,2.278
ID6719,6719,9,4.500,214.891,501.605,0,18,18,7,1,-10921639,223.259,252,87,255,92206,43.787,11.338,0.489,3.348
ID6734,6734,9,4.747,212.121,502.298,0,19,19,7,1,-10921639,233.753,255,101,255,96540,36.735,11.437,0.527,4.391
ID6750,6750,9,4.550,211.992,505.323,0,20,20,7,1,-10921639,219.012,255,48,255,90452,53.531,11.298,0.491,2.696
ID6783,6783,9,4.829,210.228,506.685,0,21,21,7,1,-10921639,225.738,255,73,255,93230,47.158,11.358,0.542,3.366
ID6767,6767,9,4.696,209.863,509.664,0,22,22,7,1,-10921639,220.690,255,63,255,91145,52.815,11.304,0.518,2.851
ID6802,6802,9,4.959,209.114,510.881,0,23,23,7,1,-10921639,223.126,255,48,255,92151,51.361,11.338,0.570,3.155
ID6820,6820,9,4.938,207.772,515.449,0,24,24,7,1,-10921639,228.438,255,65,255,94345,43.825,11.396,0.564,3.759
ID6837,6837,9,4.781,206.158,517.228,0,25,25,7,1,-10921639,226.722,255,75,255,93636,47.029,11.356,0.531,3.346
ID6855,6855,9,4.898,205.710,519.071,0,26,26,7,1,-10921639,226.763,255,55,255,93653,49.899,11.372,0.556,3.248
ID6874,6874,9,4.521,206.839,517.767,0,27,27,7,1,-10921639,227.370,255,82,255,93904,46.889,11.350,0.481,3.152
ID6892,6892,9,4.809,206.639,516.362,0,28,28,7,1,-10921639,224.932,255,60,255,92897,52.539,11.350,0.540,3.003
ID6911,6911,9,4.263,203.845,517.143,0,29,29,7,1,-10921639,199.252,255,15,255,82291,78.089,11.155,0.455,1.595
ID6928,6928,9,4.524,201.636,521.037,0,30,30,7,1,-10921639,203.424,255,19,255,84014,71.042,11.171,0.498,1.904
ID6946,6946,9,4.685,201.673,522.612,0,31,31,7,1,-10921639,218.119,255,54,255,90083,59.705,11.288,0.521,2.503
ID6962,6962,9,4.742,200.487,523.800,0,32,32,7,1,-10921639,221.402,255,46,255,91439,56.389,11.318,0.534,2.734
ID6980,6980,9,4.481,195.456,531.970,0,33,33,7,1,-10921639,238.051,255,57,255,98315,39.652,11.486,0.478,3.884
ID6996,6996,9,4.469,195.400,530.908,0,34,34,7,1,-10921639,250.312,255,141,255,103379,16.231,15.417,0.480,10.005
ID7014,7014,9,4.366,194.015,533.616,0,35,35,7,1,-10921639,250.075,255,179,255,103281,14.699,15.611,0.461,10.734
ID7031,7031,9,4.262,189.865,539.721,0,36,36,7,1,-10921639,246.988,255,120,255,102006,21.081,15.549,0.444,7.210
ID7064,7064,9,4.116,190.280,542.088,0,37,37,7,1,-10921639,248.501,255,155,255,102631,17.622,18.152,0.429,8.471
ID7047,7047,9,3.990,189.129,545.952,0,38,38,7,1,-10921639,237.935,255,97,255,98267,33.630,18.304,0.411,4.125
ID7081,7081,9,3.754,191.445,544.586,0,39,39,7,1,-10921639,226.492,255,45,255,93541,46.712,15.558,0.360,2.567
ID7098,7098,9,3.755,190.393,543.563,0,40,40,7,1,-10921639,225.252,255,67,255,93029,45.899,18.627,0.366,2.627
ID7115,7115,9,3.878,192.064,542.650,0,41,41,7,1,-10921639,230.511,255,60,255,95201,43.807,11.380,0.378,2.885
ID7134,7134,9,3.839,191.161,547.777,0,42,42,7,1,-10921639,210.903,255,25,255,87103,64.026,11.251,0.372,1.785
ID7151,7151,9,3.764,188.958,553.727,0,43,43,7,1,-10921639,202.903,255,12,255,83799,72.924,11.108,0.354,1.454
ID7168,7168,9,4.015,186.162,559.493,0,44,44,7,1,-10921639,203.438,255,8,255,84020,74.658,11.103,0.391,1.533
ID7184,7184,9,4.284,186.933,558.076,0,45,45,7,1,-10921639,203.310,255,22,255,83967,73.803,11.149,0.442,1.689
ID7202,7202,9,4.391,185.835,565.864,0,46,46,7,1,-10921639,199.116,255,12,255,82235,79.935,11.075,0.462,1.574
ID7216,7216,9,4.396,185.270,571.637,0,47,47,7,1,-10921639,209.116,255,22,255,86365,70.528,11.166,0.456,1.858
ID7232,7232,9,4.627,188.050,571.246,0,48,48,7,1,-10921639,226.264,255,42,255,93447,53.276,11.348,0.502,2.838
ID7249,7249,9,4.691,187.874,568.580,0,49,49,7,1,-10921639,217.148,255,30,255,89682,61.177,11.275,0.517,2.418
ID7270,7270,9,4.464,189.372,566.638,0,50,50,7,1,-10921639,212.034,255,21,255,87570,65.756,11.211,0.474,2.074
ID7289,7289,9,4.307,187.288,569.493,0,51,51,7,1,-10921639,200.511,255,11,255,82811,76.274,11.079,0.450,1.631
ID7306,7306,9,4.577,188.148,571.422,0,52,52,7,1,-10921639,217.584,255,41,255,89862,57.761,11.258,0.499,2.508
ID7321,7321,9,4.703,189.772,567.064,0,53,53,7,1,-10921639,229.317,255,49,255,94708,48.549,11.376,0.518,3.224
ID7337,7337,9,4.581,187.729,569.684,0,54,54,7,1,-10921639,213.741,255,25,255,88275,62.137,11.231,0.499,2.289
ID7353,7353,9,4.300,185.238,576.957,0,55,55,7,1,-10921639,214.496,255,24,255,88587,65.534,11.208,0.442,2.007
ID7369,7369,9,4.619,186.384,576.799,0,56,56,7,1,-10921639,231.908,255,54,255,95778,45.709,11.396,0.500,3.383
ID7385,7385,9,4.683,188.662,573.762,0,57,57,7,1,-10921639,230.927,255,55,255,95373,47.551,11.391,0.513,3.294
ID7402,7402,9,4.733,191.113,567.704,0,58,58,7,1,-10921639,219.673,255,37,255,90725,58.188,11.298,0.527,2.606
ID7421,7421,9,4.453,187.925,574.556,0,59,59,7,1,-10921639,214.194,255,31,255,88462,63.376,11.213,0.470,2.160
ID7439,7439,9,4.311,185.961,581.622,0,60,60,7,1,-10921639,224.576,255,38,255,92750,55.837,11.307,0.442,2.467
ID7456,7456,9,4.725,187.114,577.184,0,61,61,7,1,-10921639,229.797,255,62,255,94906,48.041,11.382,0.522,3.280
ID7472,7472,9,4.439,186.942,576.581,0,62,62,7,1,-10921639,216.402,255,35,255,89374,62.283,11.247,0.471,2.224
ID7490,7490,9,4.291,185.385,580.366,0,63,63,7,1,-10921639,211.191,255,25,255,87222,69.494,11.143,0.438,1.853
ID7508,7508,9,4.484,187.242,577.103,0,64,64,7,1,-10921639,228.199,255,64,255,94246,48.512,11.352,0.475,3.031
ID7526,7526,9,4.362,189.337,575.287,0,65,65,7,1,-10921639,233.259,255,69,255,96336,44.481,11.389,0.454,3.274
ID7544,7544,9,4.235,187.498,578.637,0,66,66,7,1,-10921639,228.610,255,60,255,94416,47.701,11.332,0.432,2.890
ID7561,7561,9,4.394,187.953,582.015,0,67,67,7,1,-10921639,233.000,255,59,255,96229,44.255,11.409,0.460,3.320
ID7578,7578,9,4.315,189.458,577.931,0,68,68,7,1,-10921639,230.477,255,81,255,95187,42.578,11.388,0.448,3.349
ID7596,7596,9,4.412,189.733,572.563,0,69,69,7,1,-10921639,236.155,255,77,255,97532,37.637,11.445,0.468,3.999
ID7612,7612,9,3.911,185.180,581.245,0,70,70,7,1,-10921639,215.538,255,34,255,89017,61.159,11.179,0.379,1.939
ID7629,7629,9,4.406,186.494,580.530,0,71,71,7,1,-10921639,224.777,255,52,255,92833,50.921,11.377,0.466,2.804
ID7646,7646,9,4.162,187.724,580.453,0,72,72,7,1,-10921639,230.085,255,73,255,95025,43.880,11.408,0.424,3.121
ID7662,7662,9,4.124,185.708,582.873,0,73,73,7,1,-10921639,219.838,255,26,255,90793,60.383,11.328,0.420,2.154
ID7678,7678,9,3.969,182.256,590.313,0,74,74,7,1,-10921639,224.220,255,60,255,92603,50.535,11.283,0.391,2.492
ID7694,7694,9,4.042,185.361,586.899,0,75,75,7,1,-10921639,236.513,255,71,255,97680,37.550,11.454,0.403,3.618
ID7709,7709,9,4.062,183.145,586.485,0,76,76,7,1,-10921639,236.499,255,85,255,97674,38.065,11.464,0.409,3.608
ID7725,7725,9,4.100,181.704,590.132,0,77,77,7,1,-10921639,232.898,255,56,255,96187,43.245,11.412,0.414,3.153
ID7741,7741,9,4.001,181.298,588.080,0,78,78,7,1,-10921639,239.051,255,82,255,98728,38.704,11.460,0.399,3.525
ID7755,7755,9,4.014,183.531,588.400,0,79,79,7,1,-10921639,241.772,255,85,255,99852,33.431,15.078,0.400,4.131
ID7769,7769,9,3.837,180.281,592.591,0,80,80,7,1,-10921639,234.896,255,76,255,97012,41.526,11.385,0.375,3.085
ID7787,7787,9,3.858,180.482,589.808,0,81,81,7,1,-10921639,244.450,255,95,255,100958,30.399,15.158,0.377,4.404
ID7807,7807,9,3.908,182.427,587.300,0,82,82,7,1,-10921639,243.131,255,108,255,100413,30.059,15.302,0.384,4.492
ID7822,7822,9,3.626,173.856,598.577,0,83,83,7,1,-10921639,230.225,255,64,255,95083,50.600,11.305,0.331,2.260
ID7840,7840,9,3.945,176.059,593.924,0,84,84,7,1,-10921639,242.404,255,57,255,100113,35.853,11.535,0.393,3.814
ID7872,7872,9,3.622,171.197,604.546,0,85,85,7,1,-10921639,228.993,255,53,255,94574,52.653,11.281,0.331,2.161
ID7906,7906,9,3.719,177.474,594.791,0,88,88,7,1,-10921639,226.496,255,51,255,93543,49.734,11.294,0.353,2.377
ID7924,7924,9,3.927,180.701,590.300,0,89,89,7,1,-10921639,234.177,255,78,255,96715,39.145,11.411,0.385,3.323
ID7938,7938,9,3.407,178.480,593.669,0,90,90,7,1,-10921639,220.085,255,69,255,90895,50.340,11.317,0.320,2.117
ID7953,7953,9,3.161,185.265,587.972,0,91,91,7,1,-10921639,227.782,234,122,255,94074,29.222,15.331,0.299,3.592
ID7968,7968,9,3.640,183.329,588.861,0,92,92,7,1,-10921639,223.550,250,89,255,92326,40.968,11.426,0.357,2.869
ID7996,7996,9,3.711,178.468,591.577,0,93,93,7,1,-10921639,241.654,255,55,255,99803,37.436,11.514,0.351,3.352
ID7983,7983,9,3.894,177.965,591.767,0,94,94,7,1,-10921639,241.404,255,85,255,99700,35.326,11.500,0.381,3.773
ID8011,8011,9,3.617,174.540,596.083,0,95,95,7,1,-10921639,228.153,255,39,255,94227,52.538,11.317,0.332,2.165
ID8026,8026,9,3.849,176.856,592.935,0,96,96,7,1,-10921639,243.063,255,86,255,100385,33.764,11.554,0.376,3.934
ID6456,6456,10,4.581,206.560,506.488,0,0,0,7,1,-10921639,219.840,255,78,255,90794,47.320,11.403,0.516,3.164
ID6441,6441,10,4.599,202.530,514.809,0,1,1,7,1,-10921639,215.351,247,78,255,88940,49.762,11.333,0.507,2.911
ID6471,6471,10,4.551,199.866,522.937,0,2,2,7,1,-10921639,221.218,255,53,255,91363,49.006,11.359,0.495,2.987
ID6428,6428,10,4.500,196.960,532.340,0,3,3,7,1,-10921639,219.063,255,66,255,90473,51.431,11.311,0.485,2.783
ID6502,6502,10,4.369,195.227,538.372,0,4,4,7,1,-10921639,218.605,255,59,255,90284,51.801,11.300,0.461,2.663
ID6488,6488,10,4.234,192.018,543.734,0,5,5,7,1,-10921639,217.385,255,57,255,89780,53.758,11.255,0.436,2.455
ID6534,6534,10,4.215,190.501,547.439,0,6,6,7,1,-10921639,222.775,255,86,255,92006,47.809,11.319,0.433,2.818
ID6518,6518,10,4.236,187.861,553.022,0,7,7,7,1,-10921639,226.404,255,104,255,93505,39.453,11.368,0.442,3.517
ID6549,6549,10,4.342,186.642,554.215,0,8,8,7,1,-10921639,229.044,255,110,255,94595,36.582,11.393,0.458,3.932
ID6568,6568,10,4.404,183.610,556.674,0,9,9,7,1,-10921639,231.651,255,109,255,95672,37.633,15.204,0.468,3.922
ID6584,6584,10,4.470,183.440,557.491,0,10,10,7,1,-10921639,233.768,255,118,255,96546,34.684,11.400,0.475,4.342
ID6600,6600,10,4.531,183.545,556.694,0,11,11,7,1,-10921639,235.278,255,120,255,97170,35.519,11.468,0.487,4.341
ID6619,6619,10,4.609,182.665,557.289,0,12,12,7,1,-10921639,227.910,255,92,255,94127,42.205,11.408,0.501,3.605
ID6655,6655,10,4.599,182.700,556.699,0,13,13,7,1,-10921639,226.274,255,89,255,93451,44.247,11.387,0.497,3.397
ID6637,6637,10,4.451,182.163,555.390,0,14,14,7,1,-10921639,218.782,255,50,255,90357,55.470,11.274,0.470,2.523
ID6672,6672,10,4.617,181.813,556.159,0,15,15,7,1,-10921639,223.259,255,68,255,92206,47.636,11.321,0.501,3.128
ID6690,6690,10,4.667,181.771,554.658,0,16,16,7,1,-10921639,222.191,255,73,255,91765,50.805,11.346,0.512,2.963
ID6707,6707,10,4.709,182.414,554.402,0,17,17,7,1,-10921639,220.165,255,61,255,90928,54.501,11.311,0.520,2.764
ID6722,6722,10,4.467,180.507,555.162,0,18,18,7,1,-10921639,223.128,255,72,255,92152,48.656,11.329,0.474,2.948
ID6737,6737,10,4.544,177.608,559.000,0,19,19,7,1,-10921639,225.845,255,77,255,93274,45.419,11.341,0.489,3.266
ID6753,6753,10,4.617,178.981,556.216,0,20,20,7,1,-10921639,223.438,255,66,255,92280,49.437,11.337,0.503,3.027
ID6786,6786,10,4.600,181.105,553.731,0,21,21,7,1,-10921639,225.206,255,79,255,93010,45.967,11.372,0.499,3.264
ID6770,6770,10,4.323,182.217,554.936,0,22,22,7,1,-10921639,216.717,255,35,255,89504,57.087,11.262,0.447,2.344
ID6805,6805,10,4.587,180.822,556.537,0,23,23,7,1,-10921639,226.097,255,44,255,93378,49.437,11.369,0.499,3.046
ID6823,6823,10,4.323,181.511,554.597,0,24,24,7,1,-10921639,224.738,255,46,255,92817,48.227,11.333,0.449,2.886
ID6840,6840,10,4.537,182.011,554.295,0,25,25,7,1,-10921639,230.765,255,55,255,95306,45.909,11.397,0.486,3.286
ID6858,6858,10,4.477,181.029,557.872,0,26,26,7,1,-10921639,223.961,255,53,255,92496,49.914,11.337,0.475,2.889
ID6877,6877,10,4.567,182.170,551.950,0,27,27,7,1,-10921639,226.385,255,74,255,93497,45.353,11.350,0.489,3.277
ID6895,6895,10,4.440,185.224,548.053,0,28,28,7,1,-10921639,215.162,239,69,255,88862,48.470,11.290,0.480,2.881
ID6914,6914,10,4.368,188.211,543.719,0,29,29,7,1,-10921639,210.148,244,42,255,86791,59.988,11.278,0.489,2.301
ID6931,6931,10,4.146,188.826,544.413,0,30,30,7,1,-10921639,206.697,236,36,255,85366,58.196,11.347,0.460,2.237
ID6949,6949,10,4.482,188.096,547.961,0,31,31,7,1,-10921639,210.893,255,45,255,87099,63.165,11.219,0.491,2.199
ID6965,6965,10,4.697,190.451,541.883,0,32,32,7,1,-10921639,205.257,251,35,255,84771,65.754,11.157,0.526,2.152
ID6458,6458,12,5.055,415.275,540.423,0,0,0,7,1,-10921639,234.630,255,77,255,96902,43.900,11.472,0.588,3.958
ID6443,6443,12,4.828,415.271,540.599,0,1,1,7,1,-10921639,230.673,255,82,255,95268,45.887,11.435,0.537,3.514
ID6473,6473,12,4.849,417.183,540.699,0,2,2,7,1,-10921639,228.864,255,72,255,94521,50.234,11.425,0.547,3.224
ID6429,6429,12,4.697,416.738,540.769,0,3,3,7,1,-10921639,230.317,255,67,255,95121,47.569,11.431,0.517,3.299
ID6503,6503,12,4.851,415.726,540.974,0,4,4,7,1,-10921639,232.140,255,65,255,95874,47.382,11.423,0.549,3.472
ID6487,6487,12,4.847,416.067,540.885,0,5,5,7,1,-10921639,229.354,255,79,255,94723,49.280,11.425,0.544,3.279
ID6533,6533,12,4.879,415.377,539.391,0,6,6,7,1,-10921639,233.320,255,67,255,96361,46.667,11.427,0.553,3.562
ID6517,6517,12,5.062,415.953,540.067,0,7,7,7,1,-10921639,241.506,255,116,255,99742,32.043,14.808,0.587,5.577
ID6548,6548,12,5.062,415.690,540.294,0,8,8,7,1,-10921639,232.724,255,64,255,96115,45.780,11.477,0.589,3.768
ID6567,6567,12,5.151,415.376,541.703,0,9,9,7,1,-10921639,235.041,255,73,255,97072,41.308,11.537,0.608,4.303
ID6583,6583,12,5.213,415.823,539.963,0,10,10,7,1,-10921639,239.930,255,84,255,99091,35.146,14.775,0.620,5.223
ID6599,6599,12,5.272,415.926,539.731,0,11,11,7,1,-10921639,240.068,255,86,255,99148,35.370,14.380,0.632,5.258
ID6618,6618,12,5.380,415.851,540.353,0,12,12,7,1,-10921639,242.351,255,116,255,100091,30.152,14.560,0.654,6.356
ID6654,6654,12,5.463,415.986,540.661,0,13,13,7,1,-10921639,239.007,255,94,255,98710,36.294,14.191,0.674,5.303
ID6636,6636,12,5.367,416.150,541.536,0,14,14,7,1,-10921639,236.903,255,79,255,97841,39.066,11.569,0.655,4.799
ID6671,6671,12,5.273,416.531,541.321,0,15,15,7,1,-10921639,240.230,255,101,255,99215,33.805,14.714,0.631,5.497
ID6689,6689,12,5.424,416.778,541.346,0,16,16,7,1,-10921639,233.712,255,67,255,96523,44.107,11.520,0.669,4.247
ID6706,6706,12,5.515,416.418,540.267,0,17,17,7,1,-10921639,237.656,255,85,255,98152,38.606,11.549,0.686,5.011
ID6721,6721,12,5.526,417.066,540.980,0,18,18,7,1,-10921639,240.121,255,80,255,99170,35.578,14.759,0.687,5.497
ID6736,6736,12,5.455,418.014,541.851,0,19,19,7,1,-10921639,239.690,255,88,255,98992,36.595,14.809,0.671,5.262
ID6752,6752,12,5.586,418.333,541.392,0,20,20,7,1,-10921639,236.300,255,58,255,97592,43.018,11.524,0.704,4.540
ID6785,6785,12,5.376,420.118,543.452,0,21,21,7,1,-10921639,237.901,255,74,255,98253,40.775,14.975,0.656,4.622
ID6769,6769,12,5.257,421.862,544.017,0,22,22,7,1,-10921639,230.433,255,47,255,95169,52.890,11.413,0.634,3.379
ID6804,6804,12,5.474,420.838,543.613,0,23,23,7,1,-10921639,234.361,255,58,255,96791,46.985,11.472,0.679,4.033
ID6822,6822,12,5.239,419.312,544.457,0,24,24,7,1,-10921639,237.838,255,86,255,98227,39.619,11.511,0.625,4.618
ID6839,6839,12,5.453,418.531,543.496,0,25,25,7,1,-10921639,235.223,255,58,255,97147,45.069,11.497,0.675,4.207
ID6857,6857,12,5.293,419.283,544.026,0,26,26,7,1,-10921639,230.010,255,48,255,94994,52.162,11.415,0.641,3.445
ID6876,6876,12,5.152,419.959,545.237,0,27,27,7,1,-10921639,236.835,255,67,255,97813,41.009,11.485,0.607,4.364
ID6894,6894,12,5.332,419.078,544.177,0,28,28,7,1,-10921639,233.097,255,67,255,96269,47.664,11.446,0.649,3.848
ID6913,6913,12,5.544,416.154,540.161,0,29,29,7,1,-10921639,239.027,255,93,255,98718,36.982,14.644,0.693,5.289
ID6930,6930,12,5.589,414.609,539.245,0,30,30,7,1,-10921639,243.874,255,132,255,100720,27.486,14.542,0.701,7.315
ID6948,6948,12,5.700,414.678,538.821,0,31,31,7,1,-10921639,242.063,255,113,255,99972,31.069,14.309,0.730,6.577
ID6964,6964,12,5.583,414.182,538.576,0,32,32,7,1,-10921639,243.373,255,125,255,100513,28.150,14.373,0.701,7.124
ID6981,6981,12,5.610,414.416,538.785,0,33,33,7,1,-10921639,239.385,255,108,255,98866,34.497,14.058,0.710,5.763
ID6997,6997,12,5.572,412.659,537.363,0,34,34,7,1,-10921639,240.373,255,88,255,99274,33.735,14.056,0.702,5.877
ID7015,7015,12,5.601,412.057,536.297,0,35,35,7,1,-10921639,242.591,255,120,255,100190,28.749,14.226,0.706,6.985
ID7030,7030,12,5.544,409.931,535.612,0,36,36,7,1,-10921639,242.998,255,100,255,100358,29.933,14.584,0.692,6.640
ID7063,7063,12,5.662,409.824,534.789,0,37,37,7,1,-10921639,238.160,255,74,255,98360,37.590,14.057,0.723,5.316
ID7046,7046,12,5.449,407.836,532.500,0,38,38,7,1,-10921639,244.039,255,93,255,100788,28.511,14.870,0.668,6.858
ID7079,7079,12,5.313,407.598,530.503,0,39,39,7,1,-10921639,239.402,255,73,255,98873,38.481,15.023,0.642,4.863
ID7096,7096,12,5.202,407.344,530.277,0,40,40,7,1,-10921639,234.581,255,38,255,96882,48.179,15.244,0.622,3.733
ID7113,7113,12,5.100,406.458,529.151,0,41,41,7,1,-10921639,237.630,255,64,255,98141,41.126,15.027,0.602,4.342
ID7133,7133,12,5.183,407.469,529.195,0,42,42,7,1,-10921639,230.709,255,39,255,95283,53.116,15.237,0.618,3.319
ID7150,7150,12,5.158,408.661,526.751,0,43,43,7,1,-10921639,228.140,255,11,255,94222,56.438,11.386,0.618,3.087
ID7167,7167,12,5.123,409.284,528.255,0,44,44,7,1,-10921639,232.380,255,21,255,95973,52.070,11.414,0.605,3.365
ID7182,7182,12,5.295,409.579,530.443,0,45,45,7,1,-10921639,231.676,255,32,255,95682,50.822,11.435,0.639,3.554
ID7200,7200,12,5.517,408.981,531.090,0,46,46,7,1,-10921639,240.584,255,79,255,99361,36.319,14.698,0.686,5.390
ID7215,7215,12,5.442,410.420,533.274,0,47,47,7,1,-10921639,245.484,255,130,255,101385,24.664,14.828,0.667,7.968
ID7231,7231,12,5.549,410.740,534.096,0,48,48,7,1,-10921639,242.768,255,93,255,100263,32.653,14.858,0.693,6.088
ID7247,7247,12,5.474,410.219,534.061,0,49,49,7,1,-10921639,239.768,255,77,255,99024,37.036,14.979,0.676,5.221
ID7268,7268,12,5.486,408.935,531.221,0,50,50,7,1,-10921639,238.751,255,97,255,98604,36.475,11.545,0.680,5.301
ID7288,7288,12,5.466,408.361,529.231,0,51,51,7,1,-10921639,242.722,255,104,255,100244,30.717,14.697,0.673,6.360
ID7305,7305,12,5.464,407.946,527.551,0,52,52,7,1,-10921639,245.094,255,101,255,101224,28.171,15.100,0.671,6.986
ID7320,7320,12,5.472,409.252,526.736,0,53,53,7,1,-10921639,241.315,255,79,255,99663,33.845,14.692,0.675,5.747
ID7335,7335,12,5.382,410.857,526.293,0,54,54,7,1,-10921639,233.002,255,33,255,96230,48.512,11.462,0.657,3.809
ID7352,7352,12,5.357,412.443,529.209,0,55,55,7,1,-10921639,236.700,255,75,255,97757,42.562,11.508,0.651,4.385
ID7368,7368,12,5.229,413.630,532.712,0,56,56,7,1,-10921639,235.574,255,48,255,97292,45.549,15.089,0.625,3.979
ID7384,7384,12,5.186,412.945,533.992,0,57,57,7,1,-10921639,240.554,255,65,255,99349,37.632,15.286,0.613,4.858
ID7400,7400,12,5.582,410.132,533.527,0,58,58,7,1,-10921639,244.266,255,113,255,100882,27.335,14.620,0.701,7.363
ID7418,7418,12,5.436,406.757,530.442,0,59,59,7,1,-10921639,234.983,255,43,255,97048,46.342,11.491,0.669,4.066
ID7437,7437,12,5.286,407.963,529.632,0,60,60,7,1,-10921639,239.346,255,68,255,98850,39.716,14.893,0.636,4.687
ID7455,7455,12,5.478,409.629,528.091,0,61,61,7,1,-10921639,246.714,255,136,255,101893,22.868,14.910,0.675,8.699
ID7470,7470,12,5.473,410.509,529.073,0,62,62,7,1,-10921639,239.748,255,82,255,99016,34.844,14.086,0.678,5.559
ID7489,7489,12,5.455,409.161,527.894,0,63,63,7,1,-10921639,244.777,255,137,255,101093,25.325,14.757,0.672,7.768
ID7506,7506,12,5.365,409.176,529.379,0,64,64,7,1,-10921639,244.012,255,140,255,100777,26.175,14.552,0.652,7.360
ID7525,7525,12,5.415,409.448,529.926,0,65,65,7,1,-10921639,244.608,255,136,255,101023,24.987,14.588,0.665,7.817
ID7543,7543,12,5.447,409.485,530.826,0,66,66,7,1,-10921639,245.257,255,99,255,101291,26.192,14.724,0.671,7.518
ID7560,7560,12,5.412,407.939,531.668,0,67,67,7,1,-10921639,239.252,255,64,255,98811,37.181,14.378,0.664,5.137
ID7576,7576,12,5.134,408.370,533.399,0,68,68,7,1,-10921639,238.245,255,70,255,98395,38.628,15.003,0.604,4.644
ID7594,7594,12,5.207,406.971,533.226,0,69,69,7,1,-10921639,239.400,255,93,255,98872,37.528,15.140,0.619,4.877
ID7611,7611,12,5.233,407.522,534.443,0,70,70,7,1,-10921639,237.356,255,70,255,98028,42.208,11.521,0.622,4.315
ID7627,7627,12,5.403,409.595,533.131,0,71,71,7,1,-10921639,240.632,255,82,255,99381,37.406,14.909,0.660,5.114
ID7644,7644,12,5.152,409.908,533.605,0,72,72,7,1,-10921639,244.254,255,111,255,100877,29.318,15.065,0.605,6.281
ID7661,7661,12,5.424,408.912,530.496,0,73,73,7,1,-10921639,242.274,255,78,255,100059,34.929,14.899,0.663,5.532
ID7677,7677,12,5.110,408.001,530.974,0,74,74,7,1,-10921639,243.242,255,91,255,100459,33.166,15.053,0.597,5.481
ID7692,7692,12,5.169,409.837,531.565,0,75,75,7,1,-10921639,233.908,255,52,255,96604,48.012,11.440,0.613,3.704
ID7708,7708,12,5.174,409.426,530.555,0,76,76,7,1,-10921639,241.228,255,86,255,99627,36.626,14.973,0.613,5.004
ID7724,7724,12,5.337,406.684,531.675,0,77,77,7,1,-10921639,246.811,255,104,255,101933,25.345,15.046,0.643,7.620
ID7739,7739,12,5.116,406.091,532.663,0,78,78,7,1,-10921639,240.145,255,86,255,99180,38.152,15.055,0.599,4.716
ID7754,7754,12,5.003,406.454,536.107,0,79,79,7,1,-10921639,237.676,255,65,255,98160,42.048,14.991,0.579,4.145
ID7768,7768,12,4.922,403.943,537.828,0,80,80,7,1,-10921639,239.090,255,75,255,98744,38.552,15.156,0.560,4.454
ID7785,7785,12,5.215,402.465,535.224,0,81,81,7,1,-10921639,236.535,255,67,255,97689,44.010,14.998,0.620,4.113
ID7803,7803,12,5.040,400.743,531.960,0,82,82,7,1,-10921639,247.993,255,124,255,102421,22.073,15.170,0.583,8.276
ID7820,7820,12,5.074,400.156,529.232,0,83,83,7,1,-10921639,246.235,255,104,255,101695,26.379,15.011,0.590,6.927
ID7838,7838,12,5.165,401.810,527.272,0,84,84,7,1,-10921639,243.344,255,110,255,100501,31.182,14.790,0.609,5.907
ID7869,7869,12,4.904,403.208,525.210,0,85,85,7,1,-10921639,240.823,255,89,255,99460,36.315,15.060,0.559,4.754
ID7852,7852,12,4.976,403.538,525.569,0,86,86,7,1,-10921639,237.051,255,47,255,97902,43.747,11.491,0.571,3.939
ID7887,7887,12,5.057,404.727,527.909,0,87,87,7,1,-10921639,239.860,255,75,255,99062,37.548,14.862,0.587,4.725
ID7905,7905,12,5.095,404.446,527.980,0,88,88,7,1,-10921639,245.843,255,108,255,101533,26.414,15.085,0.594,6.939
ID7923,7923,12,5.323,401.216,527.239,0,89,89,7,1,-10921639,242.385,255,116,255,100105,30.637,14.651,0.644,6.200
ID7937,7937,12,5.130,398.317,527.934,0,90,90,7,1,-10921639,248.726,255,152,255,102724,17.912,14.905,0.604,10.454
ID7952,7952,12,5.054,399.131,530.161,0,91,91,7,1,-10921639,244.630,255,83,255,101032,29.401,14.872,0.588,6.164
ID7967,7967,12,5.074,399.314,528.945,0,92,92,7,1,-10921639,238.453,255,80,255,98481,38.938,14.914,0.591,4.551
ID7995,7995,12,5.021,399.592,528.876,0,93,93,7,1,-10921639,245.557,255,91,255,101415,28.658,15.006,0.580,6.292
ID7981,7981,12,5.058,398.964,528.089,0,94,94,7,1,-10921639,243.455,255,95,255,100547,31.194,15.088,0.589,5.784
ID8009,8009,12,5.169,398.684,528.907,0,95,95,7,1,-10921639,238.630,255,65,255,98554,39.042,11.563,0.611,4.637
ID8024,8024,12,5.139,399.038,528.202,0,96,96,7,1,-10921639,241.600,255,58,255,99781,36.679,14.849,0.604,4.962
ID6459,6459,13,4.717,656.422,642.395,0,0,0,7,1,-10921639,241.128,255,62,255,99586,38.564,15.073,0.615,4.761
ID6444,6444,13,4.555,656.465,641.993,0,1,1,7,1,-10921639,240.814,255,61,255,99456,40.614,15.249,0.584,4.372
ID6474,6474,13,4.719,655.542,642.040,0,2,2,7,1,-10921639,245.765,255,98,255,101501,29.589,15.026,0.590,6.164
ID6430,6430,13,4.645,655.759,640.999,0,3,3,7,1,-10921639,242.804,255,60,255,100278,37.078,15.149,0.575,4.782
ID6504,6504,13,4.795,655.581,642.153,0,4,4,7,1,-10921639,244.012,255,90,255,100777,31.732,15.045,0.601,5.775
ID6489,6489,13,4.755,657.525,641.883,0,5,5,7,1,-10921639,241.973,255,77,255,99935,35.958,14.942,0.677,5.434
ID6535,6535,13,4.564,658.016,640.381,0,6,6,7,1,-10921639,235.845,255,56,255,97404,46.038,15.441,0.645,4.017
ID6519,6519,13,4.471,657.508,639.552,0,7,7,7,1,-10921639,242.126,255,86,255,99998,34.736,15.621,0.623,5.354
ID6550,6550,13,4.608,658.041,638.911,0,8,8,7,1,-10921639,234.765,255,58,255,96958,45.592,15.416,0.653,4.067
ID6569,6569,13,4.600,657.644,637.442,0,9,9,7,1,-10921639,239.949,255,64,255,99099,38.060,15.509,0.647,4.954
ID6585,6585,13,4.494,657.970,632.789,0,10,10,7,1,-10921639,235.385,255,46,255,97214,46.241,15.657,0.630,3.936
ID6601,6601,13,4.463,659.686,629.893,0,11,11,7,1,-10921639,240.538,255,60,255,99342,36.564,15.522,0.705,5.442
ID6621,6621,13,4.428,660.116,628.728,0,12,12,7,1,-10921639,242.884,255,97,255,100311,29.534,15.382,0.715,6.855
ID6657,6657,13,4.622,660.791,627.185,0,13,13,7,1,-10921639,242.320,255,105,255,100078,30.963,15.038,0.760,6.760
ID6639,6639,13,4.760,659.794,624.438,0,14,14,7,1,-10921639,240.465,255,71,255,99312,36.860,15.044,0.762,5.641
ID6674,6674,13,4.657,658.932,623.332,0,15,15,7,1,-10921639,241.755,255,75,255,99845,35.209,15.351,0.716,5.731
ID6692,6692,13,4.759,660.851,621.811,0,16,16,7,1,-10921639,241.799,255,105,255,99863,31.387,14.923,0.789,6.796
ID6708,6708,13,5.031,664.421,620.616,0,17,17,7,1,-10921639,199.705,255,0,255,82478,93.552,15.590,0.709,1.772
ID6723,6723,13,4.891,663.088,619.527,0,18,18,7,1,-10921639,223.080,255,0,255,92132,72.096,15.351,0.762,2.676
ID6738,6738,13,4.864,664.950,619.450,0,19,19,7,1,-10921639,187.896,255,0,255,77601,101.831,17.690,0.625,1.420
ID6754,6754,13,5.342,664.950,618.150,0,20,20,7,1,-10921639,187.896,255,0,255,77601,101.831,16.098,0.691,1.508
ID6787,6787,13,5.272,664.950,620.100,0,21,21,7,1,-10921639,187.896,255,0,255,77601,101.831,16.156,0.679,1.492
ID6771,6771,13,5.422,664.950,620.100,0,22,22,7,1,-10921639,187.896,255,0,255,77601,101.831,15.958,0.704,1.524
ID6806,6806,13,5.431,664.950,618.150,0,23,23,7,1,-10921639,187.896,255,0,255,77601,101.831,16.159,0.705,1.527
ID6824,6824,13,5.010,664.950,618.150,0,24,24,7,1,-10921639,187.896,255,0,255,77601,101.831,17.782,0.651,1.455
ID6841,6841,13,5.355,664.950,617.500,0,25,25,7,1,-10921639,187.896,255,0,255,77601,101.831,16.092,0.699,1.519
ID6860,6860,13,5.567,664.950,618.150,0,26,26,7,1,-10921639,187.896,255,0,255,77601,101.831,15.941,0.723,1.549
ID6878,6878,13,5.367,664.950,618.800,0,27,27,7,1,-10921639,187.896,255,0,255,77601,101.831,16.136,0.686,1.501
ID6896,6896,13,5.571,664.950,618.150,0,28,28,7,1,-10921639,187.896,255,0,255,77601,101.831,15.806,0.717,1.541
ID6915,6915,13,5.510,664.950,618.800,0,29,29,7,1,-10921639,187.896,255,0,255,77601,101.831,15.991,0.710,1.532
ID6932,6932,13,5.129,664.950,620.750,0,30,30,7,1,-10921639,187.896,255,0,255,77601,101.831,17.420,0.663,1.472
ID6950,6950,13,5.204,664.950,621.400,0,31,31,7,1,-10921639,187.896,255,0,255,77601,101.831,16.303,0.670,1.481
ID6966,6966,13,5.063,664.950,621.400,0,32,32,7,1,-10921639,187.896,255,0,255,77601,101.831,15.959,0.654,1.459
ID6982,6982,13,5.172,664.950,621.400,0,33,33,7,1,-10921639,187.896,255,0,255,77601,101.831,15.875,0.672,1.483
ID6998,6998,13,4.959,664.950,621.400,0,34,34,7,1,-10921639,187.896,255,0,255,77601,101.831,15.928,0.640,1.441
ID7016,7016,13,4.968,664.950,621.400,0,35,35,7,1,-10921639,187.448,255,0,255,77416,101.638,15.744,0.644,1.445
ID7032,7032,13,4.787,662.304,620.955,0,36,36,7,1,-10921639,232.281,255,0,255,95932,58.647,15.242,0.769,3.443
ID7065,7065,13,5.104,664.950,621.400,0,37,37,7,1,-10921639,187.128,255,0,255,77284,101.561,15.846,0.670,1.479
ID7048,7048,13,4.794,662.620,621.263,0,38,38,7,1,-10921639,231.218,255,0,255,95493,58.957,15.122,0.771,3.416
ID7082,7082,13,4.890,663.430,621.369,0,39,39,7,1,-10921639,212.196,255,0,255,87637,84.280,15.580,0.724,2.114
ID7099,7099,13,4.921,663.357,621.652,0,40,40,7,1,-10921639,211.765,255,0,255,87459,84.180,15.679,0.728,2.120
ID7116,7116,13,4.774,661.899,621.541,0,41,41,7,1,-10921639,237.402,255,0,255,98047,44.754,14.824,0.787,4.673
ID7135,7135,13,5.072,663.642,621.359,0,42,42,7,1,-10921639,211.186,255,0,255,87220,84.055,15.393,0.760,2.170
ID7152,7152,13,5.115,663.921,620.967,0,43,43,7,1,-10921639,210.995,255,0,255,87141,84.259,15.461,0.767,2.174
ID7169,7169,13,4.876,662.208,621.205,0,44,44,7,1,-10921639,231.692,255,0,255,95689,58.887,15.138,0.789,3.470
ID7185,7185,13,5.065,663.012,621.402,0,45,45,7,1,-10921639,221.584,255,0,255,91514,72.116,15.200,0.797,2.726
ID7203,7203,13,5.014,662.606,621.304,0,46,46,7,1,-10921639,230.446,255,0,255,95174,58.985,14.993,0.815,3.509
ID7218,7218,13,4.912,662.220,621.572,0,47,47,7,1,-10921639,231.775,255,0,255,95723,58.709,15.169,0.795,3.497
ID7233,7233,13,5.055,663.264,621.005,0,48,48,7,1,-10921639,222.225,255,0,255,91779,72.229,15.286,0.792,2.720
ID7250,7250,13,4.965,662.628,620.325,0,49,49,7,1,-10921639,231.061,255,0,255,95428,58.720,15.110,0.804,3.507
ID7271,7271,13,4.977,660.928,620.253,0,50,50,7,1,-10921639,240.482,255,105,255,99319,32.849,14.630,0.834,6.657
ID7290,7290,13,4.949,660.906,620.174,0,51,51,7,1,-10921639,241.516,255,105,255,99746,31.367,14.734,0.828,6.974
ID7307,7307,13,4.878,660.948,619.290,0,52,52,7,1,-10921639,241.901,255,105,255,99905,31.346,14.860,0.812,6.916
ID7322,7322,13,4.922,660.916,618.081,0,53,53,7,1,-10921639,241.521,255,105,255,99748,31.481,14.766,0.821,6.920
ID7338,7338,13,4.983,661.127,618.268,0,54,54,7,1,-10921639,239.554,255,105,255,98936,34.341,14.523,0.836,6.351
ID7354,7354,13,4.929,661.740,619.294,0,55,55,7,1,-10921639,236.516,255,0,255,97681,45.262,14.701,0.820,4.707
ID7370,7370,13,5.124,663.825,620.102,0,56,56,7,1,-10921639,210.671,255,0,255,87007,84.003,15.363,0.771,2.183
ID7386,7386,13,5.063,664.950,620.100,0,57,57,7,1,-10921639,187.770,255,0,255,77549,101.757,15.672,0.669,1.480
ID7403,7403,13,5.105,664.315,620.637,0,58,58,7,1,-10921639,199.901,255,0,255,82559,93.520,15.537,0.724,1.796
ID7422,7422,13,5.224,664.950,619.450,0,59,59,7,1,-10921639,186.642,255,0,255,77083,101.550,15.647,0.693,1.505
ID7440,7440,13,5.070,664.950,620.100,0,60,60,7,1,-10921639,187.777,255,0,255,77552,101.761,15.693,0.668,1.478
ID7457,7457,13,4.913,663.091,620.721,0,61,61,7,1,-10921639,223.266,255,0,255,92209,72.145,15.355,0.766,2.686
ID7473,7473,13,5.280,664.950,620.100,0,62,62,7,1,-10921639,186.777,255,0,255,77139,101.532,15.630,0.699,1.514
ID7491,7491,13,5.228,664.950,620.100,0,63,63,7,1,-10921639,187.821,255,0,255,77570,101.801,15.684,0.686,1.501
ID7509,7509,13,5.087,664.950,620.750,0,64,64,7,1,-10921639,187.746,255,0,255,77539,101.770,15.679,0.666,1.475
ID7527,7527,13,5.209,664.950,620.100,0,65,65,7,1,-10921639,187.310,255,0,255,77359,101.582,15.675,0.688,1.503
ID7545,7545,13,4.938,663.341,620.293,0,66,66,7,1,-10921639,211.746,255,0,255,87451,84.150,15.676,0.734,2.130
ID7562,7562,13,5.222,664.950,620.750,0,67,67,7,1,-10921639,187.002,255,0,255,77232,101.450,15.571,0.691,1.507
ID7579,7579,13,5.141,664.950,620.100,0,68,68,7,1,-10921639,187.574,255,0,255,77468,101.667,15.620,0.679,1.492
ID7597,7597,13,4.913,663.121,620.557,0,69,69,7,1,-10921639,223.024,255,0,255,92109,72.124,15.332,0.766,2.682
ID7613,7613,13,5.074,663.650,621.400,0,70,70,7,1,-10921639,210.741,255,0,255,87036,84.375,15.480,0.760,2.158
ID7630,7630,13,5.249,664.950,620.100,0,71,71,7,1,-10921639,186.993,255,0,255,77228,101.532,15.706,0.694,1.509
ID7647,7647,13,5.006,664.300,620.750,0,72,72,7,1,-10921639,199.925,255,0,255,82569,93.568,15.875,0.703,1.763
ID7663,7663,13,5.252,664.950,619.450,0,73,73,7,1,-10921639,187.702,255,0,255,77521,101.725,15.636,0.694,1.512
ID7679,7679,13,4.942,663.883,620.602,0,74,74,7,1,-10921639,212.264,255,0,255,87665,84.307,15.621,0.732,2.129
ID7695,7695,13,5.295,664.950,620.100,0,75,75,7,1,-10921639,186.407,255,0,255,76986,101.594,15.939,0.701,1.512
ID7710,7710,13,5.206,664.950,619.450,0,76,76,7,1,-10921639,187.242,255,0,255,77331,101.566,15.806,0.688,1.502
ID7726,7726,13,5.148,664.950,620.100,0,77,77,7,1,-10921639,186.910,255,0,255,77194,101.537,15.985,0.680,1.490
ID7742,7742,13,5.228,664.950,619.450,0,78,78,7,1,-10921639,186.939,255,0,255,77206,101.540,16.347,0.687,1.500
ID7756,7756,13,5.284,664.950,620.100,0,79,79,7,1,-10921639,187.276,255,0,255,77345,101.591,16.164,0.694,1.510
ID7770,7770,13,4.883,662.648,620.878,0,80,80,7,1,-10921639,232.208,255,0,255,95902,58.741,15.270,0.786,3.480
ID7788,7788,13,5.182,664.950,620.750,0,81,81,7,1,-10921639,187.867,255,0,255,77589,101.813,16.057,0.680,1.493
ID7808,7808,13,5.049,663.829,621.494,0,82,82,7,1,-10921639,212.068,255,0,255,87584,84.247,15.923,0.748,2.154
ID7823,7823,13,5.448,664.950,620.750,0,83,83,7,1,-10921639,187.574,255,0,255,77468,101.671,15.997,0.717,1.540
ID7841,7841,13,5.463,664.950,621.400,0,84,84,7,1,-10921639,187.690,255,0,255,77516,101.726,15.707,0.723,1.549
ID7874,7874,13,5.216,664.950,621.400,0,85,85,7,1,-10921639,187.896,255,0,255,77601,101.831,17.543,0.681,1.495
ID7855,7855,13,5.246,664.950,621.400,0,86,86,7,1,-10921639,187.896,255,0,255,77601,101.831,15.942,0.690,1.506
ID7889,7889,13,5.469,664.950,621.400,0,87,87,7,1,-10921639,187.896,255,0,255,77601,101.831,15.796,0.721,1.546
ID7908,7908,13,5.221,664.950,621.400,0,88,88,7,1,-10921639,187.864,255,0,255,77588,101.811,17.658,0.681,1.495
ID7926,7926,13,5.386,664.950,621.400,0,89,89,7,1,-10921639,187.349,255,0,255,77375,101.601,16.303,0.708,1.529
ID7940,7940,13,5.189,664.950,621.400,0,90,90,7,1,-10921639,187.530,255,0,255,77450,101.653,17.692,0.679,1.493
ID7955,7955,13,5.139,664.950,622.050,0,91,91,7,1,-10921639,187.462,255,0,255,77422,101.644,17.645,0.675,1.487
ID7970,7970,13,5.417,664.950,620.100,0,92,92,7,1,-10921639,186.576,255,0,255,77056,101.599,16.499,0.714,1.530
ID7997,7997,13,5.308,664.950,620.100,0,93,93,7,1,-10921639,187.487,255,0,255,77432,101.646,16.994,0.697,1.515
ID7984,7984,13,4.968,662.739,621.299,0,94,94,7,1,-10921639,223.385,255,0,255,92258,72.182,15.692,0.770,2.693
ID8013,8013,13,5.401,664.950,621.400,0,95,95,7,1,-10921639,187.886,255,0,255,77597,101.824,15.669,0.716,1.540
ID8027,8027,13,5.207,664.950,621.400,0,96,96,7,1,-10921639,187.879,255,0,255,77594,101.820,16.314,0.684,1.499
ID6739,6739,21,3.150,383.997,21.504,0,20,20,7,1,-10921639,237.179,255,131,255,97955,29.427,22.181,0.274,3.464
ID6772,6772,21,3.153,383.971,21.515,0,21,21,7,1,-10921639,236.199,255,140,255,97550,30.721,19.314,0.273,3.297
ID6755,6755,21,3.109,384.625,20.790,0,22,22,7,1,-10921639,236.625,255,153,255,97726,29.682,22.144,0.267,3.364
ID6788,6788,21,3.279,384.867,19.956,0,23,23,7,1,-10921639,236.772,255,116,255,97787,31.200,18.849,0.289,3.399
ID6807,6807,21,3.172,384.999,20.758,0,24,24,7,1,-10921639,237.150,255,140,255,97943,28.934,22.181,0.277,3.551
ID6825,6825,21,3.265,384.949,20.631,0,25,25,7,1,-10921639,237.763,255,118,255,98196,29.455,18.588,0.288,3.614
ID6842,6842,21,3.273,384.686,20.917,0,26,26,7,1,-10921639,236.242,255,140,255,97568,29.767,19.064,0.290,3.572
ID6861,6861,21,3.269,385.465,20.401,0,27,27,7,1,-10921639,233.240,255,130,255,96328,33.170,18.660,0.289,3.150
ID6879,6879,21,3.296,385.120,20.133,0,28,28,7,1,-10921639,238.169,255,139,255,98364,28.111,22.137,0.292,3.833
ID6897,6897,21,3.326,384.763,19.925,0,29,29,7,1,-10921639,238.090,255,138,255,98331,28.510,22.126,0.296,3.813
ID6916,6916,21,3.247,384.728,20.827,0,30,30,7,1,-10921639,238.269,255,139,255,98405,28.675,22.155,0.284,3.679
ID6933,6933,21,3.279,385.257,18.710,0,31,31,7,1,-10921639,233.617,255,136,255,96484,32.697,18.674,0.287,3.189
ID6951,6951,21,3.332,384.983,19.559,0,32,32,7,1,-10921639,234.339,255,132,255,96782,33.447,18.820,0.294,3.184
ID6967,6967,21,3.244,384.987,19.530,0,33,33,7,1,-10921639,233.910,255,118,255,96605,33.369,18.540,0.282,3.086
ID6983,6983,21,3.254,385.296,17.961,0,34,34,7,1,-10921639,231.448,255,119,255,95588,35.716,15.543,0.284,2.863
ID6999,6999,21,3.216,384.279,18.963,0,35,35,7,1,-10921639,231.821,255,112,255,95742,35.508,18.770,0.279,2.848
ID7017,7017,21,3.345,385.526,19.006,0,36,36,7,1,-10921639,232.203,255,124,255,95900,35.395,15.664,0.295,2.986
ID7049,7049,21,3.331,385.265,17.756,0,37,37,7,1,-10921639,224.579,255,114,255,92751,42.009,22.253,0.295,2.435
ID7033,7033,21,3.249,384.568,19.106,0,38,38,7,1,-10921639,230.334,255,108,255,95128,37.727,15.589,0.283,2.693
ID7066,7066,21,3.314,384.678,17.629,0,39,39,7,1,-10921639,229.143,255,104,255,94636,38.224,15.564,0.292,2.711
ID7083,7083,21,3.286,385.351,18.286,0,40,40,7,1,-10921639,229.663,255,111,255,94851,36.496,18.478,0.290,2.829
ID7100,7100,21,3.218,384.740,18.062,0,41,41,7,1,-10921639,232.760,255,124,255,96130,34.206,15.639,0.279,2.967
ID7117,7117,21,3.328,385.769,18.144,0,42,42,7,1,-10921639,234.857,255,117,255,96996,32.938,18.552,0.295,3.250
ID7136,7136,21,3.649,386.231,16.231,0,43,43,7,1,-10921639,227.518,255,83,255,93965,44.167,15.458,0.340,2.615
ID7153,7153,21,3.364,385.318,17.991,0,44,44,7,1,-10921639,234.651,255,120,255,96911,35.516,15.509,0.295,3.014
ID7170,7170,21,3.430,385.936,17.623,0,45,45,7,1,-10921639,232.492,255,106,255,96019,37.431,15.495,0.306,2.910
ID7186,7186,21,3.411,386.881,17.942,0,46,46,7,1,-10921639,234.005,255,119,255,96644,34.787,15.639,0.304,3.139
ID7204,7204,21,3.309,386.462,18.807,0,47,47,7,1,-10921639,233.479,255,124,255,96427,35.331,15.542,0.290,2.971
ID7219,7219,21,3.573,386.507,17.588,0,48,48,7,1,-10921639,228.472,255,96,255,94359,42.818,11.314,0.325,2.615
ID7234,7234,21,3.596,386.926,16.496,0,49,49,7,1,-10921639,225.673,255,79,255,93203,45.670,11.317,0.331,2.455
ID7251,7251,21,3.432,387.028,17.065,0,50,50,7,1,-10921639,228.148,255,89,255,94225,41.950,15.525,0.307,2.556
ID7272,7272,21,3.409,386.372,17.714,0,51,51,7,1,-10921639,233.041,255,100,255,96246,38.284,25.407,0.302,2.823
ID7291,7291,21,3.587,386.624,16.819,0,52,52,7,1,-10921639,230.203,255,107,255,95074,41.687,11.348,0.329,2.732
ID7308,7308,21,3.474,386.641,16.286,0,53,53,7,1,-10921639,230.545,255,109,255,95215,40.866,18.848,0.313,2.691
ID7323,7323,21,3.620,387.035,15.309,0,54,54,7,1,-10921639,230.308,255,96,255,95117,42.033,11.307,0.332,2.732
ID7339,7339,21,3.626,387.318,16.125,0,55,55,7,1,-10921639,230.000,255,91,255,94990,43.018,11.326,0.332,2.668
ID7355,7355,21,3.551,386.236,16.751,0,56,56,7,1,-10921639,234.329,255,93,255,96778,39.767,15.464,0.321,2.865
ID7371,7371,21,3.688,386.643,15.647,0,57,57,7,1,-10921639,226.683,255,83,255,93620,46.303,11.321,0.343,2.498
ID7387,7387,21,3.800,386.596,15.527,0,58,58,7,1,-10921639,225.414,255,67,255,93096,49.829,11.283,0.356,2.376
ID7404,7404,21,3.557,386.546,15.825,0,59,59,7,1,-10921639,228.085,255,80,255,94199,47.189,11.306,0.321,2.347
ID7423,7423,21,3.644,387.206,15.866,0,60,60,7,1,-10921639,224.821,255,68,255,92851,50.899,11.290,0.335,2.218
ID7441,7441,21,3.632,386.457,15.604,0,61,61,7,1,-10921639,227.734,255,82,255,94054,46.414,11.336,0.334,2.458
ID7458,7458,21,3.650,386.514,15.458,0,62,62,7,1,-10921639,228.044,255,77,255,94182,46.561,11.322,0.339,2.478
ID7474,7474,21,3.676,387.852,15.271,0,63,63,7,1,-10921639,222.048,255,65,255,91706,53.300,11.283,0.343,2.127
ID7492,7492,21,3.745,387.215,15.358,0,64,64,7,1,-10921639,230.189,255,73,255,95068,46.434,11.306,0.346,2.551
ID7510,7510,21,3.763,387.575,15.718,0,65,65,7,1,-10921639,231.303,255,54,255,95528,49.360,11.316,0.345,2.405
ID7528,7528,21,3.795,387.137,15.639,0,66,66,7,1,-10921639,232.588,255,57,255,96059,47.963,11.331,0.349,2.507
ID7546,7546,21,4.174,386.131,14.661,0,67,67,7,1,-10921639,248.000,255,92,255,102424,25.795,15.699,0.425,5.732
ID7563,7563,21,4.567,388.259,11.875,0,68,68,7,1,-10921639,247.005,255,79,255,102013,28.158,15.132,0.492,5.781
ID7580,7580,21,4.450,388.223,12.049,0,69,69,7,1,-10921639,249.712,255,109,255,103131,20.652,15.343,0.470,7.735
ID7598,7598,21,4.563,389.766,12.450,0,70,70,7,1,-10921639,254.952,255,235,255,105295,0.984,17.971,0.498,172.344
ID7614,7614,21,4.428,392.216,12.226,0,71,71,7,1,-10921639,253.516,255,166,255,104702,9.730,15.729,0.479,16.870
ID7632,7632,21,4.390,393.415,13.453,0,72,72,7,1,-10921639,252.157,255,143,255,104141,13.950,15.749,0.462,11.430
ID7648,7648,21,4.194,394.595,10.860,0,73,73,7,1,-10921639,233.346,255,0,255,96372,54.014,11.401,0.429,2.593
ID7664,7664,21,4.150,394.590,11.871,0,74,74,7,1,-10921639,242.460,255,34,255,100136,37.525,15.303,0.428,3.872
ID7680,7680,21,4.442,394.086,13.293,0,75,75,7,1,-10921639,247.332,255,61,255,102148,27.421,15.304,0.475,5.813
ID7696,7696,21,4.112,394.379,9.572,0,76,76,7,1,-10921639,234.823,255,0,255,96982,54.204,25.662,0.453,2.699
ID7712,7712,21,4.039,394.265,9.836,0,77,77,7,1,-10921639,233.717,255,0,255,96525,55.017,26.600,0.433,2.569
ID7727,7727,21,3.779,393.578,8.472,0,78,78,7,1,-10921639,230.300,255,0,255,95114,60.345,24.968,0.430,2.294
ID7743,7743,21,4.019,393.319,8.785,0,79,79,7,1,-10921639,235.930,255,0,255,97439,55.938,24.849,0.463,2.668
ID7757,7757,21,4.091,394.853,11.425,0,80,80,7,1,-10921639,229.116,255,0,255,94625,60.289,11.364,0.411,2.213
ID7771,7771,21,4.165,392.653,10.176,0,81,81,7,1,-10921639,239.712,255,0,255,99001,47.237,15.510,0.448,3.142
ID7790,7790,21,3.910,395.138,10.088,0,82,82,7,1,-10921639,223.610,255,0,255,92351,64.663,11.267,0.390,1.941
ID7809,7809,21,4.258,396.307,10.900,0,83,83,7,1,-10921639,231.809,255,13,255,95737,53.008,11.391,0.439,2.667
ID7824,7824,21,4.478,397.512,13.038,0,84,84,7,1,-10921639,231.564,255,0,255,95636,50.749,11.400,0.475,2.937
ID7856,7856,21,4.390,397.784,13.190,0,85,85,7,1,-10921639,245.584,255,104,255,101426,27.837,15.000,0.459,5.547
ID7843,7843,21,4.536,399.183,13.181,0,86,86,7,1,-10921639,240.128,255,59,255,99173,39.141,15.025,0.488,4.022
ID7876,7876,21,4.551,401.045,13.882,0,87,87,7,1,-10921639,241.903,255,35,255,99906,39.136,15.060,0.489,4.058
ID7891,7891,21,4.460,401.464,14.450,0,88,88,7,1,-10921639,241.249,255,59,255,99636,37.269,15.054,0.474,4.163
ID7910,7910,21,4.504,401.585,14.311,0,89,89,7,1,-10921639,241.942,255,94,255,99922,30.072,15.058,0.483,5.241
ID7927,7927,21,4.419,402.345,16.006,0,90,90,7,1,-10921639,247.327,255,102,255,102146,24.739,15.316,0.473,6.419
ID7942,7942,21,4.429,402.509,16.569,0,91,91,7,1,-10921639,249.160,255,104,255,102903,22.517,15.314,0.477,7.143
ID7956,7956,21,4.452,402.229,13.824,0,92,92,7,1,-10921639,249.140,255,88,255,102895,23.809,15.370,0.482,6.811
ID7985,7985,21,4.463,403.017,14.001,0,93,93,7,1,-10921639,248.516,255,44,255,102637,29.109,15.617,0.482,5.556
ID7971,7971,21,4.345,404.332,11.530,0,94,94,7,1,-10921639,252.150,255,122,255,104138,15.374,17.828,0.466,10.434
ID7998,7998,21,4.435,406.184,10.949,0,95,95,7,1,-10921639,249.312,255,44,255,102966,23.596,15.249,0.481,6.861
ID8014,8014,21,4.362,407.707,10.790,0,96,96,7,1,-10921639,249.136,255,97,255,102893,21.350,15.221,0.465,7.408
ID6978,6978,26,3.507,215.857,298.813,0,33,33,7,1,-10921639,205.666,215,93,247,84940,33.621,11.377,0.377,3.352
ID6994,6994,26,3.274,214.562,294.150,0,34,34,7,1,-10921639,208.840,214,120,255,86251,28.546,15.318,0.337,3.687
ID7012,7012,26,3.450,206.949,292.773,0,35,35,7,1,-10921639,220.111,224,155,255,90906,24.953,15.430,0.334,4.415
ID7028,7028,26,4.031,208.999,288.913,0,36,36,7,1,-10921639,224.731,235,86,255,92814,34.920,11.374,0.413,3.763
ID7061,7061,26,3.352,208.033,313.479,0,37,37,7,1,-10921639,193.639,204,50,255,79973,49.066,11.231,0.325,1.937
ID7044,7044,26,3.446,206.972,329.160,0,38,38,7,1,-10921639,219.271,224,141,255,90559,26.673,15.557,0.337,4.143
ID7077,7077,26,3.609,207.021,327.538,0,39,39,7,1,-10921639,220.881,225,110,255,91224,29.149,15.499,0.353,3.955
ID7094,7094,26,3.564,206.735,332.533,0,40,40,7,1,-10921639,215.165,216,132,255,88863,25.154,15.538,0.361,4.539
ID7111,7111,26,3.945,210.361,334.781,0,41,41,7,1,-10921639,225.443,231,123,255,93108,29.730,15.303,0.400,4.335
ID7131,7131,26,4.254,216.883,331.816,0,42,42,7,1,-10921639,234.194,253,106,255,96722,31.340,15.260,0.440,4.563
ID7148,7148,26,3.960,217.800,335.416,0,43,43,7,1,-10921639,220.949,233,67,255,91252,36.005,15.285,0.420,3.628
ID7165,7165,26,4.094,220.938,333.413,0,44,44,7,1,-10921639,218.208,236,63,255,90120,46.407,11.281,0.418,2.774
ID7180,7180,26,3.778,223.725,328.483,0,45,45,7,1,-10921639,199.729,223,34,255,82488,57.637,11.161,0.376,1.894
ID7198,7198,26,3.393,236.776,315.123,0,46,46,7,1,-10921639,185.886,214,15,255,76771,66.108,11.109,0.335,1.413
ID7213,7213,26,3.688,238.802,316.434,0,47,47,7,1,-10921639,198.412,230,15,255,81944,65.059,11.184,0.362,1.623
ID7229,7229,26,3.624,235.197,317.716,0,48,48,7,1,-10921639,184.724,217,16,255,76291,74.655,8.546,0.365,1.322
ID7245,7245,26,3.146,221.798,329.768,0,49,49,7,1,-10921639,188.591,204,67,241,77888,40.390,11.260,0.336,2.349
ID7266,7266,26,3.702,225.783,329.675,0,50,50,7,1,-10921639,209.797,223,79,255,86646,42.026,11.290,0.372,2.710
ID7286,7286,26,3.342,228.087,329.035,0,51,51,7,1,-10921639,204.010,220,63,255,84256,42.608,11.237,0.319,2.315
ID7303,7303,26,3.094,242.918,327.780,0,52,52,7,1,-10921639,201.213,204,137,239,83101,21.552,15.653,0.327,4.602
ID7350,7350,26,3.484,232.832,332.807,0,55,55,7,1,-10921639,211.538,224,93,244,87365,31.985,11.387,0.363,3.525
ID7366,7366,26,3.633,231.158,333.862,0,56,56,7,1,-10921639,216.116,232,78,254,89256,36.088,11.400,0.377,3.282
ID7398,7398,26,3.099,219.029,333.980,0,58,58,7,1,-10921639,209.230,212,126,241,86412,20.213,15.644,0.325,5.079
ID7416,7416,26,3.282,219.535,328.306,0,59,59,7,1,-10921639,219.879,221,169,247,90810,16.557,15.783,0.338,6.707
ID7435,7435,26,3.384,223.637,328.768,0,60,60,7,1,-10921639,220.295,228,98,255,90982,24.536,15.477,0.353,4.684
ID7453,7453,26,3.454,228.927,327.956,0,61,61,7,1,-10921639,214.123,222,101,255,88433,29.733,15.491,0.349,3.725
ID7468,7468,26,3.344,237.310,325.064,0,62,62,7,1,-10921639,221.218,226,127,254,91363,22.485,15.713,0.335,4.932
ID7487,7487,26,3.502,244.210,326.805,0,63,63,7,1,-10921639,223.121,228,121,255,92149,26.836,15.436,0.339,4.208
ID7504,7504,26,3.634,247.336,334.398,0,64,64,7,1,-10921639,228.492,236,108,255,94367,26.415,15.514,0.356,4.538
ID7523,7523,26,3.898,248.922,336.146,0,65,65,7,1,-10921639,239.581,249,169,255,98947,20.254,15.637,0.387,6.607
ID7541,7541,26,3.322,247.077,328.891,0,66,66,7,1,-10921639,216.966,226,106,244,89607,25.694,15.431,0.337,4.256
ID7558,7558,26,3.235,245.498,326.917,0,67,67,7,1,-10921639,217.593,221,150,254,89866,20.234,15.440,0.331,5.345
ID7574,7574,26,3.809,250.127,330.225,0,68,68,7,1,-10921639,232.852,241,128,255,96168,27.821,15.252,0.372,4.543
ID7592,7592,26,3.277,251.626,335.697,0,69,69,7,1,-10921639,219.169,228,136,247,90517,23.451,15.575,0.331,4.648
ID7609,7609,26,3.515,248.823,331.329,0,70,70,7,1,-10921639,230.276,235,140,255,95104,20.803,15.753,0.350,5.735
ID7625,7625,26,3.716,253.750,328.609,0,71,71,7,1,-10921639,235.046,243,156,255,97074,21.367,15.450,0.368,5.914
ID7642,7642,26,3.765,246.925,324.500,0,72,72,7,1,-10921639,240.869,246,174,255,99479,17.027,15.723,0.375,7.709
ID7659,7659,26,3.318,252.386,329.293,0,73,73,7,1,-10921639,216.337,224,103,255,89347,30.681,11.378,0.330,3.496
ID7675,7675,26,3.002,257.134,333.379,0,74,74,7,1,-10921639,225.579,228,125,255,93164,21.199,18.453,0.275,4.596
ID7690,7690,26,3.408,255.776,336.593,0,75,75,7,1,-10921639,231.579,231,165,255,95642,18.232,15.795,0.322,6.190
ID7706,7706,26,3.306,247.882,330.189,0,76,76,7,1,-10921639,233.448,237,166,255,96414,17.150,18.679,0.316,6.532
ID7722,7722,26,3.051,250.314,331.904,0,77,77,7,1,-10921639,220.460,224,160,252,91050,17.478,18.370,0.311,5.987
ID7737,7737,26,3.440,244.270,325.080,0,78,78,7,1,-10921639,231.133,237,160,255,95458,20.692,15.742,0.343,5.703
ID7752,7752,26,3.254,247.803,328.107,0,79,79,7,1,-10921639,235.903,241,147,255,97428,19.332,15.612,0.306,5.720
ID7123,7123,29,3.296,353.439,212.720,0,42,42,7,1,-10921639,227.937,255,0,255,94138,61.374,11.250,0.283,1.639
ID7141,7141,29,3.503,351.775,209.082,0,43,43,7,1,-10921639,234.300,255,34,255,96766,50.338,11.339,0.309,2.200
ID7158,7158,29,3.382,348.863,206.415,0,44,44,7,1,-10921639,234.579,255,77,255,96881,44.683,11.333,0.296,2.398
ID7175,7175,29,3.735,345.761,205.669,0,45,45,7,1,-10921639,228.610,255,17,255,94416,58.067,11.301,0.345,2.021
ID7192,7192,29,3.527,348.036,204.884,0,46,46,7,1,-10921639,228.438,255,21,255,94345,55.284,11.294,0.317,1.987
ID7209,7209,29,3.570,347.193,205.567,0,47,47,7,1,-10921639,229.443,255,22,255,94760,57.044,11.274,0.319,1.943
ID7225,7225,29,3.722,348.342,204.986,0,48,48,7,1,-10921639,228.855,255,25,255,94517,57.606,11.284,0.340,2.018
ID7240,7240,29,3.599,345.508,203.100,0,49,49,7,1,-10921639,226.901,255,11,255,93710,59.945,11.268,0.326,1.860
ID7257,7257,29,3.482,344.061,202.916,0,50,50,7,1,-10921639,232.310,255,40,255,95944,52.714,25.321,0.306,2.065
ID7278,7278,29,3.410,341.909,202.781,0,51,51,7,1,-10921639,234.397,255,33,255,96806,51.148,25.508,0.297,2.098
ID7298,7298,29,3.472,343.845,201.308,0,52,52,7,1,-10921639,235.632,255,65,255,97316,46.381,18.548,0.309,2.398
ID7313,7313,29,3.652,343.050,199.431,0,53,53,7,1,-10921639,233.179,255,38,255,96303,51.366,11.333,0.334,2.273
ID7328,7328,29,3.609,343.209,199.132,0,54,54,7,1,-10921639,228.501,255,14,255,94371,58.835,11.290,0.325,1.906
ID7344,7344,29,3.636,342.155,198.751,0,55,55,7,1,-10921639,233.169,255,60,255,96299,48.808,11.338,0.332,2.381
ID7360,7360,29,3.600,340.745,200.731,0,56,56,7,1,-10921639,233.257,255,17,255,96335,52.331,11.329,0.327,2.198
ID7376,7376,29,3.562,337.498,199.710,0,57,57,7,1,-10921639,226.116,255,2,255,93386,63.561,11.266,0.321,1.729
ID7392,7392,29,3.565,336.064,200.335,0,58,58,7,1,-10921639,228.855,255,39,255,94517,57.049,11.312,0.321,1.947
ID7409,7409,29,3.633,339.386,196.813,0,59,59,7,1,-10921639,237.424,255,0,255,98056,51.501,11.417,0.326,2.266
ID7428,7428,29,3.445,334.386,199.975,0,60,60,7,1,-10921639,231.780,255,1,255,95725,57.593,26.600,0.300,1.858
ID7446,7446,29,3.600,337.248,198.281,0,61,61,7,1,-10921639,238.906,255,0,255,98668,52.271,25.634,0.328,2.258
ID7516,7516,29,3.851,335.596,199.584,0,65,65,7,1,-10921639,235.356,255,0,255,97202,54.858,26.600,0.354,2.245
ID7535,7535,29,3.708,335.523,200.636,0,66,66,7,1,-10921639,240.554,255,1,255,99349,45.922,26.600,0.340,2.660
ID7551,7551,29,3.924,330.239,196.535,0,67,67,7,1,-10921639,205.450,255,0,255,84851,78.298,11.136,0.383,1.453
ID7567,7567,29,3.991,335.676,199.169,0,68,68,7,1,-10921639,232.569,255,0,255,96051,61.253,11.337,0.392,2.138
ID7585,7585,29,3.944,336.937,200.334,0,69,69,7,1,-10921639,238.317,255,0,255,98425,53.864,11.398,0.383,2.450
ID7602,7602,29,4.011,341.267,201.766,0,70,70,7,1,-10921639,234.068,255,0,255,96670,56.800,22.005,0.395,2.334
ID7618,7618,29,4.071,341.977,200.109,0,71,71,7,1,-10921639,239.809,255,0,255,99041,46.715,20.652,0.411,2.989
ID7636,7636,29,3.790,338.832,199.152,0,72,72,7,1,-10921639,233.726,255,0,255,96529,61.616,15.749,0.354,1.982
ID7652,7652,29,3.667,335.227,198.131,0,73,73,7,1,-10921639,240.274,255,0,255,99233,48.274,11.482,0.337,2.512
ID7668,7668,29,3.597,339.951,196.980,0,74,74,7,1,-10921639,234.230,255,0,255,96737,60.350,11.318,0.322,1.890
ID7684,7684,29,3.915,340.065,199.107,0,75,75,7,1,-10921639,236.722,255,0,255,97766,55.240,22.067,0.385,2.383
ID7700,7700,29,3.841,337.333,199.063,0,76,76,7,1,-10921639,232.896,255,0,255,96186,62.581,11.304,0.358,1.962
ID7716,7716,29,3.752,337.675,199.453,0,77,77,7,1,-10921639,236.169,255,0,255,97538,59.536,11.331,0.346,2.039
ID7731,7731,29,3.858,334.940,197.900,0,78,78,7,1,-10921639,225.726,255,0,255,93225,71.839,11.242,0.367,1.689
ID7747,7747,29,3.897,339.888,198.345,0,79,79,7,1,-10921639,234.375,255,0,255,96797,59.083,22.272,0.376,2.168
ID7761,7761,29,3.616,341.250,200.200,0,80,80,7,1,-10921639,236.697,255,0,255,97756,52.523,24.908,0.333,2.253
ID7776,7776,29,3.689,339.339,197.895,0,81,81,7,1,-10921639,227.947,255,0,255,94142,71.460,11.204,0.336,1.604
ID7794,7794,29,3.349,340.641,198.333,0,82,82,7,1,-10921639,228.666,255,0,255,94439,66.503,11.227,0.284,1.521
ID7828,7828,29,3.256,342.938,199.203,0,84,84,7,1,-10921639,232.073,255,0,255,95846,59.555,26.600,0.274,1.677
ID7860,7860,29,3.435,341.583,196.114,0,85,85,7,1,-10921639,229.966,255,0,255,94976,62.956,26.600,0.295,1.663
ID7847,7847,29,3.554,340.512,196.228,0,86,86,7,1,-10921639,230.426,255,0,255,95166,62.261,11.300,0.319,1.790
ID7880,7880,29,3.873,342.293,193.770,0,87,87,7,1,-10921639,222.363,255,0,255,91836,71.318,11.245,0.360,1.651
ID7896,7896,29,3.086,343.628,193.271,0,88,88,7,1,-10921639,218.189,255,0,255,90112,72.032,11.060,0.249,1.207
